Workbook

Sheet load by month
B1: 1 | AA1: 2 | AZ1: 3 | BX1: 4 | CV1: 5 | DT1: 6 | ER1: 7 | FP1: 8 | GN1: 9 | HL1: 10 | IJ1: 11 | JH1: 12
A2: macro-region/residents | B2: 0 | C2: 1 | D2: 2 | E2: 3 | F2: 4 | G2: 5 | H2: 6 | I2: 7 | J2: 8 | K2: 9 | L2: 10 | M2: 11 | N2: 12 | O2: 13 | P2: 14 | Q2: 15 | R2: 16 | S2: 17 | T2: 18 | U2: 19 | V2: 20 | W2: 21 | X2: 22 | Y2: 23 | AA2: 0 | AB2: 1 | AC2: 2 | AD2: 3 | AE2: 4 | AF2: 5 | AG2: 6 | AH2: 7 | AI2: 8 | AJ2: 9 | AK2: 10 | AL2: 11 | AM2: 12 | AN2: 13 | AO2: 14 | AP2: 15 | AQ2: 16 | AR2: 17 | AS2: 18 | AT2: 19 | AU2: 20 | AV2: 21 | AW2: 22 | AX2: 23 | AZ2: 0 | BA2: 1 | BB2: 2 | BC2: 3 | BD2: 4 | BE2: 5 | BF2: 6 | BG2: 7 | BH2: 8 | BI2: 9 | BJ2: 10 | BK2: 11 | BL2: 12 | BM2: 13 | BN2: 14 | BO2: 15 | BP2: 16 | BQ2: 17 | BR2: 18 | BS2: 19 | BT2: 20 | BU2: 21 | BV2: 22 | BW2: 23 | BX2: 0 | BY2: 1 | BZ2: 2 | CA2: 3 | CB2: 4 | CC2: 5 | CD2: 6 | CE2: 7 | CF2: 8 | CG2: 9 | CH2: 10 | CI2: 11 | CJ2: 12 | CK2: 13 | CL2: 14 | CM2: 15 | CN2: 16 | CO2: 17 | CP2: 18 | CQ2: 19 | CR2: 20 | CS2: 21 | CT2: 22 | CU2: 23 | CV2: 0 | CW2: 1 | CX2: 2 | CY2: 3 | CZ2: 4 | DA2: 5 | DB2: 6 | DC2: 7 | DD2: 8 | DE2: 9 | DF2: 10 | DG2: 11 | DH2: 12 | DI2: 13 | DJ2: 14 | DK2: 15 | DL2: 16 | DM2: 17 | DN2: 18 | DO2: 19 | DP2: 20 | DQ2: 21 | DR2: 22 | DS2: 23 | DT2: 0 | DU2: 1 | DV2: 2 | DW2: 3 | DX2: 4 | DY2: 5 | DZ2: 6 | EA2: 7 | EB2: 8 | EC2: 9 | ED2: 10 | EE2: 11 | EF2: 12 | EG2: 13 | EH2: 14 | EI2: 15 | EJ2: 16 | EK2: 17 | EL2: 18 | EM2: 19 | EN2: 20 | EO2: 21 | EP2: 22 | EQ2: 23 | ER2: 0 | ES2: 1 | ET2: 2 | EU2: 3 | EV2: 4 | EW2: 5 | EX2: 6 | EY2: 7 | EZ2: 8 | FA2: 9 | FB2: 10 | FC2: 11 | FD2: 12 | FE2: 13 | FF2: 14 | FG2: 15 | FH2: 16 | FI2: 17 | FJ2: 18 | FK2: 19 | FL2: 20 | FM2: 21 | FN2: 22 | FO2: 23 | FP2: 0 | FQ2: 1 | FR2: 2 | FS2: 3 | FT2: 4 | FU2: 5 | FV2: 6 | FW2: 7 | FX2: 8 | FY2: 9 | FZ2: 10 | GA2: 11 | GB2: 12 | GC2: 13 | GD2: 14 | GE2: 15 | GF2: 16 | GG2: 17 | GH2: 18 | GI2: 19 | GJ2: 20 | GK2: 21 | GL2: 22 | GM2: 23 | GN2: 0 | GO2: 1 | GP2: 2 | GQ2: 3 | GR2: 4 | GS2: 5 | GT2: 6 | GU2: 7 | GV2: 8 | GW2: 9 | GX2: 10 | GY2: 11 | GZ2: 12 | HA2: 13 | HB2: 14 | HC2: 15 | HD2: 16 | HE2: 17 | HF2: 18 | HG2: 19 | HH2: 20 | HI2: 21 | HJ2: 22 | HK2: 23 | HL2: 0 | HM2: 1 | HN2: 2 | HO2: 3 | HP2: 4 | HQ2: 5 | HR2: 6 | HS2: 7 | HT2: 8 | HU2: 9 | HV2: 10 | HW2: 11 | HX2: 12 | HY2: 13 | HZ2: 14 | IA2: 15 | IB2: 16 | IC2: 17 | ID2: 18 | IE2: 19 | IF2: 20 | IG2: 21 | IH2: 22 | II2: 23 | IJ2: 0 | IK2: 1 | IL2: 2 | IM2: 3 | IN2: 4 | IO2: 5 | IP2: 6 | IQ2: 7 | IR2: 8 | IS2: 9 | IT2: 10 | IU2: 11 | IV2: 12 | IW2: 13 | IX2: 14 | IY2: 15 | IZ2: 16 | JA2: 17 | JB2: 18 | JC2: 19 | JD2: 20 | JE2: 21 | JF2: 22 | JG2: 23 | JH2: 0 | JI2: 1 | JJ2: 2 | JK2: 3 | JL2: 4 | JM2: 5 | JN2: 6 | JO2: 7 | JP2: 8 | JQ2: 9 | JR2: 10 | JS2: 11 | JT2: 12 | JU2: 13 | JV2: 14 | JW2: 15 | JX2: 16 | JY2: 17 | JZ2: 18 | KA2: 19 | KB2: 20 | KC2: 21 | KD2: 22 | KE2: 23
A3: 1 | B3: 0.40604583 | C3: 0.33629167 | D3: 0.28327361 | E3: 0.25505556 | F3: 0.24204722 | G3: 0.23967361 | H3: 0.255875 | I3: 0.30037778 | J3: 0.36664722 | K3: 0.41427778 | L3: 0.45181944 | M3: 0.46338611 | N3: 0.48299444 | O3: 0.51168333 | P3: 0.48565278 | Q3: 0.47393889 | R3: 0.44896389 | S3: 0.45670417 | T3: 0.52845139 | U3: 0.62846389 | V3: 0.70529861 | W3: 0.65827222 | X3: 0.60021389 | Y3: 0.50129444 | AA3: 0.37470278 | AB3: 0.30872639 | AC3: 0.26007639 | AD3: 0.23411389 | AE3: 0.22298889 | AF3: 0.22180556 | AG3: 0.23901944 | AH3: 0.28842639 | AI3: 0.3553625 | AJ3: 0.39254722 | AK3: 0.42104028 | AL3: 0.42096667 | AM3: 0.43399444 | AN3: 0.45799444 | AO3: 0.43240556 | AP3: 0.41923056 | AQ3: 0.39067639 | AR3: 0.38634861 | AS3: 0.44096944 | AT3: 0.56763889 | AU3: 0.65829028 | AV3: 0.61359722 | AW3: 0.55709444 | AX3: 0.46442778 | AZ3: 0.35646806 | BA3: 0.29170833 | BB3: 0.24581944 | BC3: 0.20468056 | BD3: 0.21312778 | BE3: 0.21124167 | BF3: 0.22712361 | BG3: 0.271125 | BH3: 0.32718889 | BI3: 0.36078194 | BJ3: 0.38595694 | BK3: 0.38581667 | BL3: 0.40121528 | BM3: 0.42819583 | BN3: 0.40649583 | BO3: 0.39342222 | BP3: 0.36417917 | BQ3: 0.35104306 | BR3: 0.38555833 | BS3: 0.497925 | BT3: 0.62027361 | BU3: 0.58708333 | BV3: 0.53425694 | BW3: 0.44468333 | BX3: 0.34074306 | BY3: 0.2745 | BZ3: 0.22898333 | CA3: 0.20626806 | CB3: 0.19627222 | CC3: 0.19369444 | CD3: 0.20466944 | CE3: 0.23876944 | CF3: 0.28866806 | CG3: 0.32585139 | CH3: 0.35314861 | CI3: 0.35599583 | CJ3: 0.37109306 | CK3: 0.39679167 | CL3: 0.37322222 | CM3: 0.36099306 | CN3: 0.33423333 | CO3: 0.31607917 | CP3: 0.32617778 | CQ3: 0.39071111 | CR3: 0.5071375 | CS3: 0.53106667 | CT3: 0.50010417 | CU3: 0.42206667 | CV3: 0.33017917 | CW3: 0.27403472 | CX3: 0.23174167 | CY3: 0.20909444 | CZ3: 0.19834861 | DA3: 0.19344167 | DB3: 0.19890972 | DC3: 0.2168875 | DD3: 0.25764167 | DE3: 0.29420833 | DF3: 0.31917222 | DG3: 0.32258611 | DH3: 0.33860417 | DI3: 0.36618333 | DJ3: 0.35222361 | DK3: 0.34540833 | DL3: 0.32307917 | DM3: 0.30595139 | DN3: 0.31058194 | DO3: 0.35866111 | DP3: 0.45036667 | DQ3: 0.46826111 | DR3: 0.46291667 | DS3: 0.40329028 | DT3: 0.39203056 | DU3: 0.32297917 | DV3: 0.27805833 | DW3: 0.25244028 | DX3: 0.23819583 | DY3: 0.22964722 | DZ3: 0.22763472 | EA3: 0.23194861 | EB3: 0.25857083 | EC3: 0.29053472 | ED3: 0.31240833 | EE3: 0.32066667 | EF3: 0.34092778 | EG3: 0.37463889 | EH3: 0.37621806 | EI3: 0.37638056 | EJ3: 0.36164306 | EK3: 0.35186111 | EL3: 0.35964167 | EM3: 0.40018194 | EN3: 0.47519722 | EO3: 0.49089861 | EP3: 0.49224583 | EQ3: 0.45885417 | ER3: 0.49260139 | ES3: 0.41364722 | ET3: 0.36192083 | EU3: 0.33011806 | EV3: 0.30967778 | EW3: 0.29501528 | EX3: 0.28645694 | EY3: 0.27905139 | EZ3: 0.29031389 | FA3: 0.31279306 | FB3: 0.33456528 | FC3: 0.35097778 | FD3: 0.38336528 | FE3: 0.43220833 | FF3: 0.4524125 | FG3: 0.46306389 | FH3: 0.45535694 | FI3: 0.45059722 | FJ3: 0.46157083 | FK3: 0.50513194 | FL3: 0.58155278 | FM3: 0.60006944 | FN3: 0.60059167 | FO3: 0.56550417 | FP3: 0.37284583 | FQ3: 0.33070694 | FR3: 0.29192917 | FS3: 0.26893333 | FT3: 0.25480833 | FU3: 0.24577778 | FV3: 0.24432639 | FW3: 0.24483472 | FX3: 0.25624861 | FY3: 0.27996528 | FZ3: 0.3020375 | GA3: 0.31405 | GB3: 0.33623889 | GC3: 0.36834167 | GD3: 0.37083472 | GE3: 0.37256389 | GF3: 0.36315556 | GG3: 0.35775278 | GH3: 0.36501944 | GI3: 0.40037083 | GJ3: 0.46381111 | GK3: 0.47711944 | GL3: 0.46964028 | GM3: 0.42694861 | GN3: 0.31003056 | GO3: 0.26340833 | GP3: 0.22777778 | GQ3: 0.20798611 | GR3: 0.19797778 | GS3: 0.19301806 | GT3: 0.19810972 | GU3: 0.21740278 | GV3: 0.24953194 | GW3: 0.27817778 | GX3: 0.30193611 | GY3: 0.30790278 | GZ3: 0.32483472 | HA3: 0.3524625 | HB3: 0.34000278 | HC3: 0.33257361 | HD3: 0.31211528 | HE3: 0.29743056 | HF3: 0.30383611 | HG3: 0.35547639 | HH3: 0.45389861 | HI3: 0.46229306 | HJ3: 0.42898056 | HK3: 0.37086389 | HL3: 0.30047361 | HM3: 0.25137778 | HN3: 0.2117625 | HO3: 0.19076667 | HP3: 0.18014028 | HQ3: 0.17659306 | HR3: 0.18418472 | HS3: 0.21292778 | HT3: 0.26337361 | HU3: 0.29510139 | HV3: 0.31792083 | HW3: 0.319275 | HX3: 0.33444722 | HY3: 0.36123056 | HZ3: 0.34259167 | IA3: 0.32954444 | IB3: 0.30553889 | IC3: 0.29149306 | ID3: 0.31218056 | IE3: 0.3966375 | IF3: 0.50456667 | IG3: 0.47767083 | IH3: 0.43351944 | II3: 0.366375 | IJ3: 0.33417361 | IK3: 0.27396944 | IL3: 0.23087778 | IM3: 0.20703333 | IN3: 0.19650556 | IO3: 0.19418611 | IP3: 0.20834444 | IQ3: 0.25153056 | IR3: 0.31231944 | IS3: 0.34522778 | IT3: 0.36645417 | IU3: 0.36380139 | IV3: 0.37859722 | IW3: 0.40983472 | IX3: 0.39267639 | IY3: 0.38324583 | IZ3: 0.36567361 | JA3: 0.37589722 | JB3: 0.4369875 | JC3: 0.52210278 | JD3: 0.59027917 | JE3: 0.5520375 | JF3: 0.49856528 | JG3: 0.4144625 | JH3: 0.38474722 | JI3: 0.31668889 | JJ3: 0.26655278 | JK3: 0.237925 | JL3: 0.22480833 | JM3: 0.22219306 | JN3: 0.23841944 | JO3: 0.28364583 | JP3: 0.34744861 | JQ3: 0.39637778 | JR3: 0.43582083 | JS3: 0.44650694 | JT3: 0.4660125 | JU3: 0.49456389 | JV3: 0.47158194 | JW3: 0.46194722 | JX3: 0.44767361 | JY3: 0.45953194 | JZ3: 0.50940972 | KA3: 0.57381806 | KB3: 0.63438889 | KC3: 0.59826389 | KD3: 0.54655833 | KE3: 0.46618889
A4: SAB | B4: 0.41365417 | C4: 0.33746667 | D4: 0.28340833 | E4: 0.2551875 | F4: 0.24276667 | G4: 0.24102083 | H4: 0.25675 | I4: 0.29516667 | J4: 0.36200833 | K4: 0.43142083 | L4: 0.47593333 | M4: 0.47959583 | N4: 0.48820833 | O4: 0.52357083 | P4: 0.50879167 | Q4: 0.500875 | R4: 0.47058333 | S4: 0.47292917 | T4: 0.54340417 | U4: 0.644475 | V4: 0.72051667 | W4: 0.65069167 | X4: 0.58293333 | Y4: 0.49500833 | AA4: 0.38150417 | AB4: 0.30844167 | AC4: 0.25910833 | AD4: 0.23332917 | AE4: 0.22224167 | AF4: 0.2210125 | AG4: 0.23723333 | AH4: 0.2780875 | AI4: 0.3451125 | AJ4: 0.40710833 | AK4: 0.44250417 | AL4: 0.43632083 | AM4: 0.44362917 | AN4: 0.48131667 | AO4: 0.4658625 | AP4: 0.455875 | AQ4: 0.42030417 | AR4: 0.41020833 | AS4: 0.46112917 | AT4: 0.578875 | AU4: 0.66084167 | AV4: 0.59419167 | AW4: 0.5282625 | AX4: 0.451225 | AZ4: 0.3599375 | BA4: 0.2911875 | BB4: 0.2452875 | BC4: 0.22210833 | BD4: 0.2120625 | BE4: 0.21070833 | BF4: 0.22660417 | BG4: 0.26429167 | BH4: 0.32240417 | BI4: 0.38090833 | BJ4: 0.4104875 | BK4: 0.40285833 | BL4: 0.41194167 | BM4: 0.4513375 | BN4: 0.44100417 | BO4: 0.43021667 | BP4: 0.39350833 | BQ4: 0.37471667 | BR4: 0.40624167 | BS4: 0.51564583 | BT4: 0.62836667 | BU4: 0.56584167 | BV4: 0.5024875 | BW4: 0.42879167 | BX4: 0.345475 | BY4: 0.27394167 | BZ4: 0.228925 | CA4: 0.20603333 | CB4: 0.19554167 | CC4: 0.19270833 | CD4: 0.20213333 | CE4: 0.22796667 | CF4: 0.278175 | CG4: 0.33490833 | CH4: 0.36791667 | CI4: 0.36815 | CJ4: 0.38171667 | CK4: 0.42286667 | CL4: 0.41279167 | CM4: 0.40576667 | CN4: 0.373425 | CO4: 0.35244167 | CP4: 0.36039167 | CQ4: 0.42074167 | CR4: 0.52729167 | CS4: 0.52483333 | CT4: 0.48010833 | CU4: 0.4119 | CV4: 0.33242083 | CW4: 0.279475 | CX4: 0.23690833 | CY4: 0.21350833 | CZ4: 0.2021875 | DA4: 0.19669167 | DB4: 0.2011625 | DC4: 0.21475833 | DD4: 0.257125 | DE4: 0.3083375 | DF4: 0.334875 | DG4: 0.3316625 | DH4: 0.3433125 | DI4: 0.38229583 | DJ4: 0.38156667 | DK4: 0.3776125 | DL4: 0.35030417 | DM4: 0.3295875 | DN4: 0.32927917 | DO4: 0.36892083 | DP4: 0.44985 | DQ4: 0.4521 | DR4: 0.43530417 | DS4: 0.38802917 | DT4: 0.37652917 | DU4: 0.31949167 | DV4: 0.27449583 | DW4: 0.24924583 | DX4: 0.2351125 | DY4: 0.2266375 | DZ4: 0.22452083 | EA4: 0.22709583 | EB4: 0.25595833 | EC4: 0.29654583 | ED4: 0.3202125 | EE4: 0.32435 | EF4: 0.34122083 | EG4: 0.380925 | EH4: 0.38928333 | EI4: 0.3911625 | EJ4: 0.37236667 | EK4: 0.3578125 | EL4: 0.36061667 | EM4: 0.39242917 | EN4: 0.45640417 | EO4: 0.46138333 | EP4: 0.4529125 | EQ4: 0.42685 | ER4: 0.4643 | ES4: 0.40444167 | ET4: 0.35374167 | EU4: 0.32245833 | EV4: 0.3027 | EW4: 0.28854167 | EX4: 0.280425 | EY4: 0.27305833 | EZ4: 0.28835 | FA4: 0.3176 | FB4: 0.339525 | FC4: 0.351675 | FD4: 0.38111667 | FE4: 0.43538333 | FF4: 0.46204167 | FG4: 0.474 | FH4: 0.463075 | FI4: 0.45411667 | FJ4: 0.45726667 | FK4: 0.48915833 | FL4: 0.55203333 | FM4: 0.558325 | FN4: 0.54911667 | FO4: 0.51949167 | FP4: 0.36284167 | FQ4: 0.33672917 | FR4: 0.29712917 | FS4: 0.27343333 | FT4: 0.25889583 | FU4: 0.24932917 | FV4: 0.2471 | FW4: 0.24641667 | FX4: 0.2596875 | FY4: 0.2871625 | FZ4: 0.31025 | GA4: 0.32070417 | GB4: 0.34184167 | GC4: 0.38137083 | GD4: 0.392425 | GE4: 0.396375 | GF4: 0.38430417 | GG4: 0.3754875 | GH4: 0.377975 | GI4: 0.40603333 | GJ4: 0.46004583 | GK4: 0.46215417 | GL4: 0.4475125 | GM4: 0.4095625 | GN4: 0.30650417 | GO4: 0.265575 | GP4: 0.2306625 | GQ4: 0.21089167 | GR4: 0.20042083 | GS4: 0.19520417 | GT4: 0.19946667 | GU4: 0.21342083 | GV4: 0.24517083 | GW4: 0.28854167 | GX4: 0.31711667 | GY4: 0.32118333 | GZ4: 0.33663333 | HA4: 0.37486667 | HB4: 0.3690375 | HC4: 0.3623 | HD4: 0.33675 | HE4: 0.31914167 | HF4: 0.32225 | HG4: 0.36632917 | HH4: 0.44998333 | HI4: 0.44155833 | HJ4: 0.399925 | HK4: 0.35264167 | HL4: 0.30331667 | HM4: 0.25355833 | HN4: 0.21343333 | HO4: 0.19210833 | HP4: 0.18180833 | HQ4: 0.17804167 | HR4: 0.18491667 | HS4: 0.20715 | HT4: 0.256925 | HU4: 0.30718333 | HV4: 0.33426667 | HW4: 0.32954167 | HX4: 0.33914167 | HY4: 0.37645833 | HZ4: 0.36854167 | IA4: 0.3556 | IB4: 0.3251 | IC4: 0.30481667 | ID4: 0.32016667 | IE4: 0.39871667 | IF4: 0.50209167 | IG4: 0.46023333 | IH4: 0.40915833 | II4: 0.353925 | IJ4: 0.34012083 | IK4: 0.27542917 | IL4: 0.23154167 | IM4: 0.20785833 | IN4: 0.19709583 | IO4: 0.1945625 | IP4: 0.20795 | IQ4: 0.2433375 | IR4: 0.30735 | IS4: 0.36239583 | IT4: 0.386675 | IU4: 0.376125 | IV4: 0.38466667 | IW4: 0.42706667 | IX4: 0.421925 | IY4: 0.41624583 | IZ4: 0.3937625 | JA4: 0.39798333 | JB4: 0.45325833 | JC4: 0.52873333 | JD4: 0.58745 | JE4: 0.53030833 | JF4: 0.47059583 | JG4: 0.4021 | JH4: 0.392325 | JI4: 0.31664167 | JJ4: 0.266375 | JK4: 0.23793333 | JL4: 0.224775 | JM4: 0.22209167 | JN4: 0.23648333 | JO4: 0.27244167 | JP4: 0.33710833 | JQ4: 0.406325 | JR4: 0.45313333 | JS4: 0.4598 | JT4: 0.475575 | JU4: 0.51786667 | JV4: 0.51405833 | JW4: 0.51340833 | JX4: 0.49603333 | JY4: 0.50355 | JZ4: 0.54914167 | KA4: 0.60540833 | KB4: 0.64815833 | KC4: 0.58659167 | KD4: 0.5241 | KE4: 0.45684167
A5: DOM | B5: 0.39804167 | C5: 0.35380417 | D5: 0.29930417 | E5: 0.26567917 | F5: 0.24778333 | G5: 0.24088333 | H5: 0.25067083 | I5: 0.2743375 | J5: 0.31360417 | K5: 0.37985 | L5: 0.45489167 | M5: 0.5023125 | N5: 0.544975 | O5: 0.56614167 | P5: 0.50901667 | Q5: 0.4909625 | R5: 0.4645 | S5: 0.47070417 | T5: 0.53905833 | U5: 0.62409583 | V5: 0.68750417 | W5: 0.64717917 | X5: 0.59026667 | Y5: 0.49232917 | AA5: 0.36559583 | AB5: 0.32231667 | AC5: 0.2727375 | AD5: 0.24183333 | AE5: 0.2277375 | AF5: 0.22358333 | AG5: 0.2348 | AH5: 0.26173333 | AI5: 0.30660417 | AJ5: 0.3783 | AK5: 0.45018333 | AL5: 0.47899583 | AM5: 0.50450417 | AN5: 0.514775 | AO5: 0.45620417 | AP5: 0.43642917 | AQ5: 0.40421667 | AR5: 0.39885417 | AS5: 0.45062917 | AT5: 0.573525 | AU5: 0.65456667 | AV5: 0.6125875 | AW5: 0.55615417 | AX5: 0.46065417 | AZ5: 0.3508875 | BA5: 0.3025125 | BB5: 0.2556125 | BC5: 0.1755125 | BD5: 0.2186375 | BE5: 0.21328333 | BF5: 0.22211667 | BG5: 0.24338333 | BH5: 0.280875 | BI5: 0.34447917 | BJ5: 0.41012083 | BK5: 0.4367125 | BL5: 0.46570417 | BM5: 0.48261667 | BN5: 0.42982917 | BO5: 0.41133333 | BP5: 0.379575 | BQ5: 0.36347917 | BR5: 0.3947875 | BS5: 0.4994 | BT5: 0.61356667 | BU5: 0.589425 | BV5: 0.53799167 | BW5: 0.444825 | BX5: 0.3353875 | BY5: 0.2845375 | BZ5: 0.23685417 | CA5: 0.2116125 | CB5: 0.20011667 | CC5: 0.195775 | CD5: 0.2024125 | CE5: 0.21952083 | CF5: 0.25164167 | CG5: 0.3164 | CH5: 0.3804125 | CI5: 0.40665833 | CJ5: 0.4317625 | CK5: 0.4413625 | CL5: 0.3817375 | CM5: 0.36220417 | CN5: 0.33582083 | CO5: 0.3159125 | CP5: 0.3224625 | CQ5: 0.3803375 | CR5: 0.48617917 | CS5: 0.5198625 | CT5: 0.493 | CU5: 0.41607917 | CV5: 0.32549167 | CW5: 0.28213333 | CX5: 0.23895833 | CY5: 0.21366667 | CZ5: 0.20123333 | DA5: 0.19488333 | DB5: 0.19719167 | DC5: 0.20225833 | DD5: 0.22751667 | DE5: 0.2867 | DF5: 0.34358333 | DG5: 0.36785833 | DH5: 0.394525 | DI5: 0.414175 | DJ5: 0.370675 | DK5: 0.35843333 | DL5: 0.33351667 | DM5: 0.31330833 | DN5: 0.315475 | DO5: 0.36083333 | DP5: 0.44635833 | DQ5: 0.46851667 | DR5: 0.46486667 | DS5: 0.40163333 | DT5: 0.39336667 | DU5: 0.318025 | DV5: 0.27640833 | DW5: 0.25 | DX5: 0.235125 | DY5: 0.22626667 | DZ5: 0.22328333 | EA5: 0.22219167 | EB5: 0.23943333 | EC5: 0.284 | ED5: 0.32565 | EE5: 0.34714167 | EF5: 0.373725 | EG5: 0.400725 | EH5: 0.38593333 | EI5: 0.38551667 | EJ5: 0.37211667 | EK5: 0.36165 | EL5: 0.36699167 | EM5: 0.40304167 | EN5: 0.47211667 | EO5: 0.48896667 | EP5: 0.49395833 | EQ5: 0.4621 | ER5: 0.51581667 | ES5: 0.41271667 | ET5: 0.36531667 | EU5: 0.33311667 | EV5: 0.31180833 | EW5: 0.29695 | EX5: 0.28791667 | EY5: 0.277575 | EZ5: 0.28129167 | FA5: 0.31160833 | FB5: 0.34924167 | FC5: 0.378825 | FD5: 0.418725 | FE5: 0.461575 | FF5: 0.468 | FG5: 0.48070833 | FH5: 0.47510833 | FI5: 0.46928333 | FJ5: 0.47886667 | FK5: 0.51709167 | FL5: 0.58793333 | FM5: 0.61089167 | FN5: 0.61969167 | FO5: 0.59029167 | FP5: 0.356325 | FQ5: 0.31613333 | FR5: 0.28105 | FS5: 0.2592 | FT5: 0.24564167 | FU5: 0.23744167 | FV5: 0.23643333 | FW5: 0.235175 | FX5: 0.24070833 | FY5: 0.26976667 | FZ5: 0.30260833 | GA5: 0.323375 | GB5: 0.347975 | GC5: 0.36753333 | GD5: 0.35274167 | GE5: 0.35290833 | GF5: 0.34608333 | GG5: 0.341375 | GH5: 0.34821667 | GI5: 0.37949167 | GJ5: 0.43449167 | GK5: 0.44954167 | GL5: 0.444175 | GM5: 0.40421667 | GN5: 0.30815833 | GO5: 0.26697083 | GP5: 0.23135833 | GQ5: 0.209625 | GR5: 0.1985375 | GS5: 0.19240417 | GT5: 0.19515833 | GU5: 0.20348333 | GV5: 0.222425 | GW5: 0.27003333 | GX5: 0.3189375 | GY5: 0.33988333 | GZ5: 0.3642125 | HA5: 0.38288333 | HB5: 0.3490125 | HC5: 0.33832917 | HD5: 0.31685833 | HE5: 0.29887917 | HF5: 0.30212917 | HG5: 0.34835 | HH5: 0.4418 | HI5: 0.45864167 | HJ5: 0.42867083 | HK5: 0.37041667 | HL5: 0.29413333 | HM5: 0.260125 | HN5: 0.2193 | HO5: 0.19565 | HP5: 0.18206667 | HQ5: 0.1774 | HR5: 0.18173333 | HS5: 0.1948 | HT5: 0.2287 | HU5: 0.28994167 | HV5: 0.34639167 | HW5: 0.3684 | HX5: 0.39653333 | HY5: 0.41621667 | HZ5: 0.36960833 | IA5: 0.35115833 | IB5: 0.32451667 | IC5: 0.31045833 | ID5: 0.33254167 | IE5: 0.41071667 | IF5: 0.50306667 | IG5: 0.47830833 | IH5: 0.43331667 | II5: 0.36338333 | IJ5: 0.32158333 | IK5: 0.28199167 | IL5: 0.238575 | IM5: 0.211 | IN5: 0.19824167 | IO5: 0.193875 | IP5: 0.201875 | IQ5: 0.222075 | IR5: 0.2634 | IS5: 0.33023333 | IT5: 0.389575 | IU5: 0.40901667 | IV5: 0.434075 | IW5: 0.45653333 | IX5: 0.41015833 | IY5: 0.39369167 | IZ5: 0.37154167 | JA5: 0.38140833 | JB5: 0.44299167 | JC5: 0.52436667 | JD5: 0.582725 | JE5: 0.54686667 | JF5: 0.49295833 | JG5: 0.40546667 | JH5: 0.37598333 | JI5: 0.32895417 | JJ5: 0.27732083 | JK5: 0.24422917 | JL5: 0.2277875 | JM5: 0.22229583 | JN5: 0.23323333 | JO5: 0.26000417 | JP5: 0.3040125 | JQ5: 0.382825 | JR5: 0.46505833 | JS5: 0.5070375 | JT5: 0.53960833 | JU5: 0.55044167 | JV5: 0.48544583 | JW5: 0.46330833 | JX5: 0.44827917 | JY5: 0.4602 | JZ5: 0.5039375 | KA5: 0.55694583 | KB5: 0.61262917 | KC5: 0.58797917 | KD5: 0.54087083 | KE5: 0.45985417
A6: Giorno_feriale | B6: 0.40644167 | C6: 0.31760417 | D6: 0.26710833 | E6: 0.2443 | F6: 0.23559167 | G6: 0.23711667 | H6: 0.26020417 | I6: 0.33162917 | J6: 0.42432917 | K6: 0.4315625 | L6: 0.42463333 | M6: 0.40825 | N6: 0.4158 | O6: 0.4453375 | P6: 0.43915 | Q6: 0.42997917 | R6: 0.41180833 | S6: 0.42647917 | T6: 0.50289167 | U6: 0.61682083 | V6: 0.707875 | W6: 0.67694583 | X6: 0.62744167 | Y6: 0.51654583 | AA6: 0.37700833 | AB6: 0.29542083 | AC6: 0.24838333 | AD6: 0.22717917 | AE6: 0.2189875 | AF6: 0.22082083 | AG6: 0.245025 | AH6: 0.32545833 | AI6: 0.41437083 | AJ6: 0.39223333 | AK6: 0.37043333 | AL6: 0.34758333 | AM6: 0.35385 | AN6: 0.37789167 | AO6: 0.37515 | AP6: 0.3653875 | AQ6: 0.34750833 | AR6: 0.34998333 | AS6: 0.41115 | AT6: 0.55051667 | AU6: 0.6594625 | AV6: 0.6340125 | AW6: 0.58686667 | AX6: 0.48140417 | AZ6: 0.35857917 | BA6: 0.281425 | BB6: 0.23655833 | BC6: 0.21642083 | BD6: 0.20868333 | BE6: 0.20973333 | BF6: 0.23265 | BG6: 0.3057 | BH6: 0.3782875 | BI6: 0.35695833 | BJ6: 0.3372625 | BK6: 0.31787917 | BL6: 0.326 | BM6: 0.35063333 | BN6: 0.34865417 | BO6: 0.33871667 | BP6: 0.31945417 | BQ6: 0.31493333 | BR6: 0.35564583 | BS6: 0.47872917 | BT6: 0.6188875 | BU6: 0.60598333 | BV6: 0.56229167 | BW6: 0.46043333 | BX6: 0.34136667 | BY6: 0.26502083 | BZ6: 0.22117083 | CA6: 0.20115833 | CB6: 0.19315833 | CC6: 0.1926 | CD6: 0.2094625 | CE6: 0.26882083 | CF6: 0.3361875 | CG6: 0.32624583 | CH6: 0.31111667 | CI6: 0.29317917 | CJ6: 0.2998 | CK6: 0.32614583 | CL6: 0.3251375 | CM6: 0.31500833 | CN6: 0.29345417 | CO6: 0.27988333 | CP6: 0.29567917 | CQ6: 0.37105417 | CR6: 0.50794167 | CS6: 0.54850417 | CT6: 0.52720417 | CU6: 0.43822083 | CV6: 0.332625 | CW6: 0.26049583 | CX6: 0.21935833 | CY6: 0.20010833 | CZ6: 0.191625 | DA6: 0.18875 | DB6: 0.198375 | DC6: 0.23364583 | DD6: 0.28828333 | DE6: 0.2875875 | DF6: 0.27905833 | DG6: 0.2682375 | DH6: 0.277975 | DI6: 0.30207917 | DJ6: 0.30442917 | DK6: 0.30017917 | DL6: 0.28541667 | DM6: 0.27495833 | DN6: 0.28699167 | DO6: 0.34622917 | DP6: 0.45489167 | DQ6: 0.48416667 | DR6: 0.48857917 | DS6: 0.42020833 | DT6: 0.40619583 | DU6: 0.33142083 | DV6: 0.28327083 | DW6: 0.258075 | DX6: 0.24435 | DY6: 0.2360375 | DZ6: 0.2351 | EA6: 0.24655833 | EB6: 0.28032083 | EC6: 0.29105833 | ED6: 0.2913625 | EE6: 0.29050833 | EF6: 0.3078375 | EG6: 0.34226667 | EH6: 0.3534375 | EI6: 0.3524625 | EJ6: 0.34044583 | EK6: 0.33612083 | EL6: 0.35131667 | EM6: 0.405075 | EN6: 0.49707083 | EO6: 0.52234583 | EP6: 0.52986667 | EQ6: 0.4876125 | ER6: 0.4976875 | ES6: 0.42378333 | ET6: 0.36670417 | EU6: 0.33477917 | EV6: 0.314525 | EW6: 0.29955417 | EX6: 0.29102917 | EY6: 0.28652083 | EZ6: 0.3013 | FA6: 0.30917083 | FB6: 0.31492917 | FC6: 0.32243333 | FD6: 0.35025417 | FE6: 0.39966667 | FF6: 0.42719583 | FG6: 0.43448333 | FH6: 0.4278875 | FI6: 0.42839167 | FJ6: 0.44857917 | FK6: 0.50914583 | FL6: 0.60469167 | FM6: 0.63099167 | FN6: 0.63296667 | FO6: 0.58672917 | FP6: 0.39937083 | FQ6: 0.33925833 | FR6: 0.29760833 | FS6: 0.27416667 | FT6: 0.2598875 | FU6: 0.2505625 | FV6: 0.24944583 | FW6: 0.2529125 | FX6: 0.26835 | FY6: 0.28296667 | FZ6: 0.29325417 | GA6: 0.29807083 | GB6: 0.3189 | GC6: 0.35612083 | GD6: 0.3673375 | GE6: 0.36840833 | GF6: 0.35907917 | GG6: 0.35639583 | GH6: 0.36886667 | GI6: 0.4155875 | GJ6: 0.49689583 | GK6: 0.5196625 | GL6: 0.51723333 | GM6: 0.46706667 | GN6: 0.31542917 | GO6: 0.25767917 | GP6: 0.2213125 | GQ6: 0.20344167 | GR6: 0.194975 | GS6: 0.19144583 | GT6: 0.19970417 | GU6: 0.23530417 | GV6: 0.281 | GW6: 0.27595833 | GX6: 0.26975417 | GY6: 0.26264167 | GZ6: 0.27365833 | HA6: 0.2996375 | HB6: 0.30195833 | HC6: 0.29709167 | HD6: 0.2827375 | HE6: 0.27427083 | HF6: 0.28712917 | HG6: 0.35175 | HH6: 0.4699125 | HI6: 0.48667917 | HJ6: 0.45834583 | HK6: 0.38953333 | HL6: 0.30397083 | HM6: 0.24045 | HN6: 0.20255417 | HO6: 0.18454167 | HP6: 0.17654583 | HQ6: 0.1743375 | HR6: 0.18590417 | HS6: 0.23683333 | HT6: 0.30449583 | HU6: 0.28817917 | HV6: 0.27310417 | HW6: 0.25988333 | HX6: 0.26766667 | HY6: 0.29101667 | HZ6: 0.289625 | IA6: 0.281875 | IB6: 0.267 | IC6: 0.25920417 | ID6: 0.28383333 | IE6: 0.38047917 | IF6: 0.50854167 | IG6: 0.49447083 | IH6: 0.45808333 | II6: 0.38181667 | IJ6: 0.34081667 | IK6: 0.2644875 | IL6: 0.22251667 | IM6: 0.20224167 | IN6: 0.19417917 | IO6: 0.19412083 | IP6: 0.21520833 | IQ6: 0.28917917 | IR6: 0.36620833 | IS6: 0.34305417 | IT6: 0.3231125 | IU6: 0.3062625 | IV6: 0.31705 | IW6: 0.34590417 | IX6: 0.34594583 | IY6: 0.3398 | IZ6: 0.33171667 | JA6: 0.3483 | JB6: 0.4147125 | JC6: 0.51320833 | JD6: 0.6006625 | JE6: 0.5789375 | JF6: 0.53214167 | JG6: 0.43582083 | JH6: 0.38593333 | JI6: 0.30447083 | JJ6: 0.2559625 | JK6: 0.2316125 | JL6: 0.2218625 | JM6: 0.22219167 | JN6: 0.24554167 | JO6: 0.31849167 | JP6: 0.401225 | JQ6: 0.39998333 | JR6: 0.38927083 | JS6: 0.37268333 | JT6: 0.38285417 | JU6: 0.41538333 | JV6: 0.41524167 | JW6: 0.409125 | JX6: 0.39870833 | JY6: 0.41484583 | JZ6: 0.47515 | KA6: 0.5591 | KB6: 0.64237917 | KC6: 0.62022083 | KD6: 0.57470417 | KE6: 0.48187083
A7: 2 | B7: 0.44666508 | C7: 0.37639683 | D7: 0.3245746 | E7: 0.29536508 | F7: 0.28248889 | G7: 0.27978571 | H7: 0.29772063 | I7: 0.34855079 | J7: 0.41732381 | K7: 0.45194444 | L7: 0.47764921 | M7: 0.4827381 | N7: 0.48835238 | O7: 0.50667778 | P7: 0.49270317 | Q7: 0.49101111 | R7: 0.48632063 | S7: 0.51934762 | T7: 0.6034254 | U7: 0.68756984 | V7: 0.74014603 | W7: 0.68981429 | X7: 0.63084762 | Y7: 0.53838413 | AA7: 0.40742698 | AB7: 0.34180317 | AC7: 0.29374127 | AD7: 0.26854921 | AE7: 0.25717619 | AF7: 0.25663651 | AG7: 0.27643333 | AH7: 0.33065079 | AI7: 0.39220794 | AJ7: 0.41493333 | AK7: 0.42962698 | AL7: 0.42451905 | AM7: 0.42775556 | AN7: 0.44940159 | AO7: 0.43038571 | AP7: 0.42674921 | AQ7: 0.41263016 | AR7: 0.42662698 | AS7: 0.5036619 | AT7: 0.61625238 | AU7: 0.6801619 | AV7: 0.63548413 | AW7: 0.57941905 | AX7: 0.49465397 | AZ7: 0.37646508 | BA7: 0.31545079 | BB7: 0.2718619 | BC7: 0.23108254 | BD7: 0.24153492 | BE7: 0.24023968 | BF7: 0.25711587 | BG7: 0.30385714 | BH7: 0.35067302 | BI7: 0.37518254 | BJ7: 0.3893 | BK7: 0.38236032 | BL7: 0.38705873 | BM7: 0.40515873 | BN7: 0.39013333 | BO7: 0.38492222 | BP7: 0.36743651 | BQ7: 0.3641873 | BR7: 0.41196032 | BS7: 0.53337302 | BT7: 0.63665079 | BU7: 0.60142381 | BV7: 0.54795714 | BW7: 0.46229365 | BX7: 0.35765873 | BY7: 0.2937254 | BZ7: 0.24873333 | CA7: 0.22622857 | CB7: 0.21657937 | CC7: 0.21454603 | CD7: 0.22598254 | CE7: 0.2630873 | CF7: 0.31075873 | CG7: 0.33988095 | CH7: 0.35985397 | CI7: 0.35620794 | CJ7: 0.36281587 | CK7: 0.38100317 | CL7: 0.36581429 | CM7: 0.36030635 | CN7: 0.34254127 | CO7: 0.32927143 | CP7: 0.34515397 | CQ7: 0.41253016 | CR7: 0.52580952 | CS7: 0.55076825 | CT7: 0.51406667 | CU7: 0.43808571 | CV7: 0.3383873 | CW7: 0.2835 | CX7: 0.24253968 | CY7: 0.22082063 | CZ7: 0.21050635 | DA7: 0.20639683 | DB7: 0.21134603 | DC7: 0.22860952 | DD7: 0.26718413 | DE7: 0.29686984 | DF7: 0.31421587 | DG7: 0.31406984 | DH7: 0.32351429 | DI7: 0.34612381 | DJ7: 0.33831746 | DK7: 0.33446667 | DL7: 0.32086508 | DM7: 0.30879683 | DN7: 0.31722698 | DO7: 0.36277778 | DP7: 0.44707143 | DQ7: 0.47318095 | DR7: 0.46672857 | DS7: 0.40870952 | DT7: 0.42152857 | DU7: 0.35031587 | DV7: 0.30596825 | DW7: 0.2799127 | DX7: 0.26455079 | DY7: 0.25525238 | DZ7: 0.24997143 | EA7: 0.24954286 | EB7: 0.27271111 | EC7: 0.2949619 | ED7: 0.30843492 | EE7: 0.31445079 | EF7: 0.33370159 | EG7: 0.36748571 | EH7: 0.37741587 | EI7: 0.37794762 | EJ7: 0.36701587 | EK7: 0.36236984 | EL7: 0.37270317 | EM7: 0.41370476 | EN7: 0.48515397 | EO7: 0.51121746 | EP7: 0.51889048 | EQ7: 0.48592857 | ER7: 0.54173333 | ES7: 0.46277619 | ET7: 0.41044286 | EU7: 0.37698254 | EV7: 0.35420952 | EW7: 0.33696032 | EX7: 0.32380317 | EY7: 0.30748889 | EZ7: 0.31067937 | FA7: 0.32190317 | FB7: 0.33669365 | FC7: 0.35420794 | FD7: 0.39028889 | FE7: 0.44528254 | FF7: 0.47497937 | FG7: 0.48489048 | FH7: 0.47885397 | FI7: 0.47801429 | FJ7: 0.49227143 | FK7: 0.53634921 | FL7: 0.6105746 | FM7: 0.6400746 | FN7: 0.64743016 | FO7: 0.6129 | FP7: 0.40993016 | FQ7: 0.36926667 | FR7: 0.32945079 | FS7: 0.30436349 | FT7: 0.28872381 | FU7: 0.27767619 | FV7: 0.27403651 | FW7: 0.27023492 | FX7: 0.27422222 | FY7: 0.29007619 | FZ7: 0.30486349 | GA7: 0.31496984 | GB7: 0.33822063 | GC7: 0.37394286 | GD7: 0.38442222 | GE7: 0.38508413 | GF7: 0.37514921 | GG7: 0.37171746 | GH7: 0.38102063 | GI7: 0.4191 | GJ7: 0.48564603 | GK7: 0.50965714 | GL7: 0.50381746 | GM7: 0.46378095 | GN7: 0.31757302 | GO7: 0.27186984 | GP7: 0.23740317 | GQ7: 0.21866349 | GR7: 0.20869206 | GS7: 0.2042381 | GT7: 0.20966032 | GU7: 0.23192857 | GV7: 0.26113333 | GW7: 0.28256508 | GX7: 0.29993492 | GY7: 0.30109524 | GZ7: 0.31137143 | HA7: 0.33172222 | HB7: 0.32388571 | HC7: 0.3184873 | HD7: 0.30447937 | HE7: 0.29616984 | HF7: 0.30766825 | HG7: 0.3622746 | HH7: 0.45756349 | HI7: 0.46273492 | HJ7: 0.42897619 | HK7: 0.37515079 | HL7: 0.30156349 | HM7: 0.25535397 | HN7: 0.21783333 | HO7: 0.19815714 | HP7: 0.18845873 | HQ7: 0.18533175 | HR7: 0.19352063 | HS7: 0.22720159 | HT7: 0.27772857 | HU7: 0.29942381 | HV7: 0.31159365 | HW7: 0.30549524 | HX7: 0.31046032 | HY7: 0.32879683 | HZ7: 0.31767143 | IA7: 0.31087619 | IB7: 0.29611905 | IC7: 0.28956032 | ID7: 0.31698413 | IE7: 0.40475397 | IF7: 0.49304762 | IG7: 0.46627619 | IH7: 0.4244 | II7: 0.36276984 | IJ7: 0.34689206 | IK7: 0.28773016 | IL7: 0.24536667 | IM7: 0.22277778 | IN7: 0.2126127 | IO7: 0.21069206 | IP7: 0.22555714 | IQ7: 0.27336508 | IR7: 0.33251587 | IS7: 0.35847619 | IT7: 0.37261429 | IU7: 0.36623175 | IV7: 0.37471111 | IW7: 0.39902857 | IX7: 0.39125714 | IY7: 0.39193175 | IZ7: 0.38930476 | JA7: 0.4155127 | JB7: 0.47646984 | JC7: 0.54220476 | JD7: 0.59257778 | JE7: 0.55667143 | JF7: 0.50275556 | JG7: 0.42413492 | JH7: 0.40093175 | JI7: 0.33541587 | JJ7: 0.28705556 | JK7: 0.25974444 | JL7: 0.24719524 | JM7: 0.24495397 | JN7: 0.26173651 | JO7: 0.3112254 | JP7: 0.3776746 | JQ7: 0.42392698 | JR7: 0.45628889 | JS7: 0.46230952 | JT7: 0.47570476 | JU7: 0.49794286 | JV7: 0.4830619 | JW7: 0.48401429 | JX7: 0.48441429 | JY7: 0.50712381 | JZ7: 0.55307302 | KA7: 0.6030127 | KB7: 0.64711905 | KC7: 0.61086032 | KD7: 0.55710952 | KE7: 0.47982222
A8: SAB | B8: 0.45411905 | C8: 0.37398571 | D8: 0.32039524 | E8: 0.29139048 | F8: 0.28047143 | G8: 0.28051905 | H8: 0.29985238 | I8: 0.34552857 | J8: 0.42093333 | K8: 0.46575238 | L8: 0.48740476 | M8: 0.47794286 | N8: 0.46962857 | O8: 0.49 | P8: 0.492 | Q8: 0.49577143 | R8: 0.48961905 | S8: 0.52346667 | T8: 0.61459048 | U8: 0.69478095 | V8: 0.74383333 | W8: 0.67799048 | X8: 0.61549524 | Y8: 0.53497619 | AA8: 0.4138619 | AB8: 0.33722381 | AC8: 0.28871429 | AD8: 0.26475238 | AE8: 0.25415238 | AF8: 0.25535238 | AG8: 0.2743619 | AH8: 0.32339524 | AI8: 0.38869524 | AJ8: 0.43183333 | AK8: 0.44615714 | AL8: 0.43970476 | AM8: 0.43758571 | AN8: 0.4633381 | AO8: 0.4623 | AP8: 0.46619524 | AQ8: 0.4462381 | AR8: 0.45454286 | AS8: 0.5326619 | AT8: 0.6237381 | AU8: 0.67470476 | AV8: 0.6143619 | AW8: 0.55511905 | AX8: 0.48393333 | AZ8: 0.38406667 | BA8: 0.31558095 | BB8: 0.27271429 | BC8: 0.25070952 | BD8: 0.24158571 | BE8: 0.24074762 | BF8: 0.25758571 | BG8: 0.29907619 | BH8: 0.34991905 | BI8: 0.39457143 | BJ8: 0.40739524 | BK8: 0.39082381 | BL8: 0.38953333 | BM8: 0.41850952 | BN8: 0.41479048 | BO8: 0.41504762 | BP8: 0.3957 | BQ8: 0.38905714 | BR8: 0.4358619 | BS8: 0.55421429 | BT8: 0.6401 | BU8: 0.57945714 | BV8: 0.51934286 | BW8: 0.44957143 | BX8: 0.36408571 | BY8: 0.29312381 | BZ8: 0.24891429 | CA8: 0.22574286 | CB8: 0.2156381 | CC8: 0.21317143 | CD8: 0.22280952 | CE8: 0.25235238 | CF8: 0.30311429 | CG8: 0.35057143 | CH8: 0.3733619 | CI8: 0.3639619 | CJ8: 0.36524762 | CK8: 0.39451429 | CL8: 0.39839048 | CM8: 0.40247619 | CN8: 0.38424762 | CO8: 0.36973333 | CP8: 0.3835619 | CQ8: 0.44492381 | CR8: 0.54054286 | CS8: 0.54122857 | CT8: 0.49507619 | CU8: 0.4294 | CV8: 0.33862381 | CW8: 0.2884 | CX8: 0.24782857 | CY8: 0.22545238 | CZ8: 0.21473333 | DA8: 0.21009524 | DB8: 0.21399048 | DC8: 0.22809524 | DD8: 0.27142381 | DE8: 0.31306667 | DF8: 0.3309381 | DG8: 0.32552381 | DH8: 0.33218095 | DI8: 0.36252857 | DJ8: 0.36659048 | DK8: 0.36560476 | DL8: 0.34791905 | DM8: 0.33170476 | DN8: 0.33549524 | DO8: 0.37248095 | DP8: 0.44481429 | DQ8: 0.45424286 | DR8: 0.43628095 | DS8: 0.3899 | DT8: 0.40242381 | DU8: 0.34447143 | DV8: 0.30151429 | DW8: 0.27590476 | DX8: 0.26071429 | DY8: 0.25163333 | DZ8: 0.24615714 | EA8: 0.24452381 | EB8: 0.27104286 | EC8: 0.30175238 | ED8: 0.31591905 | EE8: 0.31728095 | EF8: 0.33194286 | EG8: 0.36937143 | EH8: 0.38462381 | EI8: 0.38808571 | EJ8: 0.37502857 | EK8: 0.36578095 | EL8: 0.37016667 | EM8: 0.4019 | EN8: 0.46124762 | EO8: 0.47764286 | EP8: 0.47757143 | EQ8: 0.45054762 | ER8: 0.51802857 | ES8: 0.45399048 | ET8: 0.40214286 | EU8: 0.36927619 | EV8: 0.34728571 | EW8: 0.33057143 | EX8: 0.31806667 | EY8: 0.30205714 | EZ8: 0.309 | FA8: 0.32629524 | FB8: 0.34309524 | FC8: 0.35815238 | FD8: 0.39301905 | FE8: 0.4530381 | FF8: 0.48873333 | FG8: 0.50110476 | FH8: 0.49274286 | FI8: 0.48898095 | FJ8: 0.49621905 | FK8: 0.52891429 | FL8: 0.58635238 | FM8: 0.60395238 | FN8: 0.60162857 | FO8: 0.57245714 | FP8: 0.39355714 | FQ8: 0.37965238 | FR8: 0.33830476 | FS8: 0.31227619 | FT8: 0.29579524 | FU8: 0.28389524 | FV8: 0.27936667 | FW8: 0.2734619 | FX8: 0.27823333 | FY8: 0.29936667 | FZ8: 0.31662381 | GA8: 0.32898095 | GB8: 0.35411905 | GC8: 0.39972381 | GD8: 0.4208619 | GE8: 0.42252381 | GF8: 0.40740476 | GG8: 0.39668095 | GH8: 0.39819048 | GI8: 0.42299524 | GJ8: 0.47290952 | GK8: 0.48522857 | GL8: 0.4725 | GM8: 0.43683333 | GN8: 0.31548571 | GO8: 0.27251905 | GP8: 0.23890952 | GQ8: 0.22059048 | GR8: 0.21060952 | GS8: 0.20613333 | GT8: 0.2108381 | GU8: 0.22790952 | GV8: 0.259 | GW8: 0.2955381 | GX8: 0.31899524 | GY8: 0.31837143 | GZ8: 0.3271 | HA8: 0.35338571 | HB8: 0.35138095 | HC8: 0.34586667 | HD8: 0.32930952 | HE8: 0.3178 | HF8: 0.32424762 | HG8: 0.36940476 | HH8: 0.44921429 | HI8: 0.4417619 | HJ8: 0.40196667 | HK8: 0.35939524 | HL8: 0.30666667 | HM8: 0.25650476 | HN8: 0.2192 | HO8: 0.1994381 | HP8: 0.19041905 | HQ8: 0.18695238 | HR8: 0.1944381 | HS8: 0.22337143 | HT8: 0.27729524 | HU8: 0.31606667 | HV8: 0.3308381 | HW8: 0.32105714 | HX8: 0.3224 | HY8: 0.34989524 | HZ8: 0.34732381 | IA8: 0.34274286 | IB8: 0.32413333 | IC8: 0.309 | ID8: 0.32759048 | IE8: 0.40941905 | IF8: 0.48830476 | IG8: 0.44977143 | IH8: 0.40374286 | II8: 0.3532 | IJ8: 0.35667619 | IK8: 0.28975238 | IL8: 0.24602857 | IM8: 0.22365238 | IN8: 0.21350952 | IO8: 0.21142857 | IP8: 0.22556667 | IQ8: 0.2675 | IR8: 0.33281905 | IS8: 0.37909524 | IT8: 0.39767143 | IU8: 0.38651429 | IV8: 0.3917619 | IW8: 0.42789048 | IX8: 0.43054762 | IY8: 0.43503333 | IZ8: 0.42887619 | JA8: 0.4479 | JB8: 0.50149524 | JC8: 0.55415238 | JD8: 0.5902 | JE8: 0.53913333 | JF8: 0.48040952 | JG8: 0.4166381 | JH8: 0.40904762 | JI8: 0.33531429 | JJ8: 0.28701905 | JK8: 0.25914286 | JL8: 0.24655238 | JM8: 0.2438381 | JN8: 0.2585619 | JO8: 0.2996 | JP8: 0.36839048 | JQ8: 0.43626667 | JR8: 0.47525714 | JS8: 0.47685714 | JT8: 0.48671429 | JU8: 0.51935238 | JV8: 0.52382857 | JW8: 0.53352381 | JX8: 0.53155238 | JY8: 0.55125714 | JZ8: 0.59410476 | KA8: 0.63468571 | KB8: 0.66007619 | KC8: 0.60042857 | KD8: 0.53598095 | KE8: 0.47122857
A9: DOM | B9: 0.44172857 | C9: 0.39694762 | D9: 0.3446619 | E9: 0.30948095 | F9: 0.28964286 | G9: 0.28105714 | H9: 0.29041905 | I9: 0.3173 | J9: 0.3616381 | K9: 0.42552857 | L9: 0.49844762 | M9: 0.54248095 | N9: 0.56921429 | O9: 0.58275238 | P9: 0.5338381 | Q9: 0.52357143 | R9: 0.51781429 | S9: 0.54692857 | T9: 0.62274286 | U9: 0.69696667 | V9: 0.73458095 | W9: 0.6829 | X9: 0.62539048 | Y9: 0.53032381 | AA9: 0.39983333 | AB9: 0.35691429 | AC9: 0.30877619 | AD9: 0.27855714 | AE9: 0.26238571 | AF9: 0.25815238 | AG9: 0.2686381 | AH9: 0.29470476 | AI9: 0.34015714 | AJ9: 0.40220952 | AK9: 0.46265238 | AL9: 0.48207619 | AM9: 0.49612857 | AN9: 0.51784762 | AO9: 0.45554286 | AP9: 0.44014762 | AQ9: 0.4241 | AR9: 0.43555714 | AS9: 0.50603333 | AT9: 0.62177143 | AU9: 0.67214762 | AV9: 0.63239524 | AW9: 0.57520476 | AX9: 0.48916667 | AZ9: 0.36725238 | BA9: 0.32676667 | BB9: 0.28152381 | BC9: 0.19984286 | BD9: 0.24751905 | BE9: 0.24279524 | BF9: 0.2528 | BG9: 0.2737619 | BH9: 0.3043 | BI9: 0.36618095 | BJ9: 0.42165714 | BK9: 0.4398619 | BL9: 0.4536381 | BM9: 0.45892381 | BN9: 0.41336667 | BO9: 0.39971905 | BP9: 0.37871905 | BQ9: 0.37423333 | BR9: 0.41864762 | BS9: 0.53205238 | BT9: 0.63089524 | BU9: 0.60460476 | BV9: 0.54970476 | BW9: 0.46035714 | BX9: 0.35093333 | BY9: 0.30422381 | BZ9: 0.25664762 | CA9: 0.23168095 | CB9: 0.22048095 | CC9: 0.21684286 | CD9: 0.22379524 | CE9: 0.2405619 | CF9: 0.27252381 | CG9: 0.33363333 | CH9: 0.39121905 | CI9: 0.40987619 | CJ9: 0.42563333 | CK9: 0.42904762 | CL9: 0.37518095 | CM9: 0.35874286 | CN9: 0.3412381 | CO9: 0.32731429 | CP9: 0.3411381 | CQ9: 0.4017 | CR9: 0.5067619 | CS9: 0.54040476 | CT9: 0.50617619 | CU9: 0.43149048 | CV9: 0.33447619 | CW9: 0.28974286 | CX9: 0.24746667 | CY9: 0.22339048 | CZ9: 0.21148571 | DA9: 0.20629524 | DB9: 0.20794286 | DC9: 0.21040952 | DD9: 0.23615238 | DE9: 0.29293333 | DF9: 0.34093333 | DG9: 0.35873333 | DH9: 0.37368571 | DI9: 0.38994286 | DJ9: 0.35539048 | DK9: 0.34485714 | DL9: 0.33225714 | DM9: 0.31974286 | DN9: 0.32874286 | DO9: 0.37132381 | DP9: 0.44679048 | DQ9: 0.47530476 | DR9: 0.47073333 | DS9: 0.40924762 | DT9: 0.41977143 | DU9: 0.3407619 | DV9: 0.29917143 | DW9: 0.27297143 | DX9: 0.25773333 | DY9: 0.24859048 | DZ9: 0.24257143 | EA9: 0.2366381 | EB9: 0.2536381 | EC9: 0.28906667 | ED9: 0.3203619 | EE9: 0.33740952 | EF9: 0.3604381 | EG9: 0.38669524 | EH9: 0.3810381 | EI9: 0.37804762 | EJ9: 0.36784762 | EK9: 0.36402857 | EL9: 0.37426667 | EM9: 0.41145714 | EN9: 0.47607619 | EO9: 0.50349524 | EP9: 0.51519048 | EQ9: 0.48555238 | ER9: 0.56661905 | ES9: 0.46286667 | ET9: 0.4144 | EU9: 0.38086667 | EV9: 0.35766667 | EW9: 0.34059048 | EX9: 0.32693333 | EY9: 0.30745714 | EZ9: 0.30519048 | FA9: 0.32621905 | FB9: 0.35448571 | FC9: 0.38250476 | FD9: 0.42260952 | FE9: 0.47093333 | FF9: 0.4874381 | FG9: 0.49768571 | FH9: 0.49386667 | FI9: 0.4938381 | FJ9: 0.50886667 | FK9: 0.54984762 | FL9: 0.61857143 | FM9: 0.6528 | FN9: 0.66892381 | FO9: 0.63993333 | FP9: 0.3944381 | FQ9: 0.34611429 | FR9: 0.31160952 | FS9: 0.28852381 | FT9: 0.27468571 | FU9: 0.26532381 | FV9: 0.26281905 | FW9: 0.25724762 | FX9: 0.25666667 | FY9: 0.28074286 | FZ9: 0.3067619 | GA9: 0.3218381 | GB9: 0.3436 | GC9: 0.36385714 | GD9: 0.35491429 | GE9: 0.35380952 | GF9: 0.3485619 | GG9: 0.34934286 | GH9: 0.35989524 | GI9: 0.39610476 | GJ9: 0.4556381 | GK9: 0.48093333 | GL9: 0.47915238 | GM9: 0.44413333 | GN9: 0.31439524 | GO9: 0.27487143 | GP9: 0.24019048 | GQ9: 0.21975238 | GR9: 0.20836667 | GS9: 0.20275714 | GT9: 0.20575714 | GU9: 0.21516667 | GV9: 0.23402381 | GW9: 0.27689048 | GX9: 0.31729048 | GY9: 0.33121905 | GZ9: 0.34504286 | HA9: 0.35703333 | HB9: 0.32917143 | HC9: 0.3204381 | HD9: 0.30471905 | HE9: 0.29591429 | HF9: 0.30643333 | HG9: 0.35649524 | HH9: 0.44644762 | HI9: 0.45770476 | HJ9: 0.42669524 | HK9: 0.3728381 | HL9: 0.29325714 | HM9: 0.26464762 | HN9: 0.22529524 | HO9: 0.20286667 | HP9: 0.19006667 | HQ9: 0.18591429 | HR9: 0.19121905 | HS9: 0.20730476 | HT9: 0.24430476 | HU9: 0.29817143 | HV9: 0.34100952 | HW9: 0.3484 | HX9: 0.35819048 | HY9: 0.36694286 | HZ9: 0.33268571 | IA9: 0.31910476 | IB9: 0.30306667 | IC9: 0.30124762 | ID9: 0.33244762 | IE9: 0.41241905 | IF9: 0.48840952 | IG9: 0.46414286 | IH9: 0.42230476 | II9: 0.35827619 | IJ9: 0.33091429 | IK9: 0.2948 | IL9: 0.25213333 | IM9: 0.22580952 | IN9: 0.21340952 | IO9: 0.20939048 | IP9: 0.21822857 | IQ9: 0.24072381 | IR9: 0.28250476 | IS9: 0.34405714 | IT9: 0.39237143 | IU9: 0.40294286 | IV9: 0.41650476 | IW9: 0.4293619 | IX9: 0.39339048 | IY9: 0.38667619 | IZ9: 0.38271429 | JA9: 0.41549524 | JB9: 0.47800952 | JC9: 0.53834286 | JD9: 0.57913333 | JE9: 0.54524762 | JF9: 0.49212381 | JG9: 0.4116381 | JH9: 0.39069524 | JI9: 0.3458 | JJ9: 0.29592381 | JK9: 0.26457143 | JL9: 0.24871905 | JM9: 0.24417143 | JN9: 0.25572857 | JO9: 0.2843 | JP9: 0.33261905 | JQ9: 0.41265238 | JR9: 0.48758095 | JS9: 0.52445238 | JT9: 0.55024286 | JU9: 0.55467619 | JV9: 0.49535238 | JW9: 0.48271905 | JX9: 0.48399048 | JY9: 0.50811905 | JZ9: 0.54809048 | KA9: 0.58726667 | KB9: 0.62579524 | KC9: 0.5989619 | KD9: 0.55054286 | KE9: 0.47299048
A10: Giorno_feriale | B10: 0.44414762 | C10: 0.35825714 | D10: 0.30866667 | E10: 0.28522381 | F10: 0.27735238 | G10: 0.27778095 | H10: 0.30289048 | I10: 0.38282381 | J10: 0.4694 | K10: 0.46455238 | L10: 0.44709524 | M10: 0.42779048 | N10: 0.42621429 | O10: 0.44728095 | P10: 0.45227143 | Q10: 0.45369048 | R10: 0.45152857 | S10: 0.48764762 | T10: 0.57294286 | U10: 0.6709619 | V10: 0.74202381 | W10: 0.70855238 | X10: 0.65165714 | Y10: 0.54985238 | AA10: 0.40858571 | AB10: 0.33127143 | AC10: 0.28373333 | AD10: 0.2623381 | AE10: 0.25499048 | AF10: 0.25640476 | AG10: 0.2863 | AH10: 0.37385238 | AI10: 0.44777143 | AJ10: 0.41075714 | AK10: 0.38007143 | AL10: 0.35177619 | AM10: 0.34955238 | AN10: 0.36701905 | AO10: 0.37331429 | AP10: 0.37390476 | AQ10: 0.36755238 | AR10: 0.38978095 | AS10: 0.47229048 | AT10: 0.60324762 | AU10: 0.69363333 | AV10: 0.65969524 | AW10: 0.60793333 | AX10: 0.5108619 | AZ10: 0.37807619 | BA10: 0.30400476 | BB10: 0.26134762 | BC10: 0.24269524 | BD10: 0.2355 | BE10: 0.23717619 | BF10: 0.2609619 | BG10: 0.33873333 | BH10: 0.3978 | BI10: 0.36479524 | BJ10: 0.33884762 | BK10: 0.31639524 | BL10: 0.31800476 | BM10: 0.33804286 | BN10: 0.34224286 | BO10: 0.34 | BP10: 0.32789048 | BQ10: 0.32927143 | BR10: 0.38137143 | BS10: 0.51385238 | BT10: 0.63895714 | BU10: 0.62020952 | BV10: 0.57482381 | BW10: 0.47695238 | BX10: 0.35795714 | BY10: 0.28382857 | BZ10: 0.2406381 | CA10: 0.2212619 | CB10: 0.21361905 | CC10: 0.21362381 | CD10: 0.23134286 | CE10: 0.29634762 | CF10: 0.3566381 | CG10: 0.3354381 | CH10: 0.31498095 | CI10: 0.29478571 | CJ10: 0.29756667 | CK10: 0.31944762 | CL10: 0.32387143 | CM10: 0.3197 | CN10: 0.3021381 | CO10: 0.29076667 | CP10: 0.3107619 | CQ10: 0.39096667 | CR10: 0.53012381 | CS10: 0.57067143 | CT10: 0.54094762 | CU10: 0.45336667 | CV10: 0.3420619 | CW10: 0.27235714 | CX10: 0.23232381 | CY10: 0.21361905 | CZ10: 0.2053 | DA10: 0.2028 | DB10: 0.21210476 | DC10: 0.24732381 | DD10: 0.29397619 | DE10: 0.28460952 | DF10: 0.27077619 | DG10: 0.25795238 | DH10: 0.26467619 | DI10: 0.2859 | DJ10: 0.29297143 | DK10: 0.2929381 | DL10: 0.28241905 | DM10: 0.27494286 | DN10: 0.28744286 | DO10: 0.34452857 | DP10: 0.44960952 | DQ10: 0.48999524 | DR10: 0.49317143 | DS10: 0.42698095 | DT10: 0.44239048 | DU10: 0.36571429 | DV10: 0.31721905 | DW10: 0.2908619 | DX10: 0.27520476 | DY10: 0.26553333 | DZ10: 0.26118571 | EA10: 0.26746667 | EB10: 0.29345238 | EC10: 0.29406667 | ED10: 0.28902381 | EE10: 0.2886619 | EF10: 0.30872381 | EG10: 0.34639048 | EH10: 0.36658571 | EI10: 0.36770952 | EJ10: 0.35817143 | EK10: 0.3573 | EL10: 0.37367619 | EM10: 0.42775714 | EN10: 0.5181381 | EO10: 0.55251429 | EP10: 0.56390952 | EQ10: 0.52168571 | ER10: 0.54055238 | ES10: 0.47147143 | ET10: 0.41478571 | EU10: 0.38080476 | EV10: 0.35767619 | EW10: 0.33971905 | EX10: 0.32640952 | EY10: 0.31295238 | EZ10: 0.31784762 | FA10: 0.31319524 | FB10: 0.3125 | FC10: 0.32196667 | FD10: 0.3552381 | FE10: 0.41187619 | FF10: 0.44876667 | FG10: 0.45588095 | FH10: 0.44995238 | FI10: 0.45122381 | FJ10: 0.47172857 | FK10: 0.53028571 | FL10: 0.6268 | FM10: 0.66347143 | FN10: 0.6717381 | FO10: 0.62630952 | FP10: 0.44179524 | FQ10: 0.38203333 | FR10: 0.3384381 | FS10: 0.31229048 | FT10: 0.29569048 | FU10: 0.28380952 | FV10: 0.27992381 | FW10: 0.27999524 | FX10: 0.28776667 | FY10: 0.29011905 | FZ10: 0.29120476 | GA10: 0.29409048 | GB10: 0.31694286 | GC10: 0.35824762 | GD10: 0.37749048 | GE10: 0.37891905 | GF10: 0.36948095 | GG10: 0.36912857 | GH10: 0.38497619 | GI10: 0.4382 | GJ10: 0.52839048 | GK10: 0.56280952 | GL10: 0.5598 | GM10: 0.51037619 | GN10: 0.3228381 | GO10: 0.26821905 | GP10: 0.23310952 | GQ10: 0.21564762 | GR10: 0.2071 | GS10: 0.20382381 | GT10: 0.21238571 | GU10: 0.25270952 | GV10: 0.29037619 | GW10: 0.27526667 | GX10: 0.26351905 | GY10: 0.25369524 | GZ10: 0.26197143 | HA10: 0.28474762 | HB10: 0.29110476 | HC10: 0.28915714 | HD10: 0.27940952 | HE10: 0.27479524 | HF10: 0.29232381 | HG10: 0.36092381 | HH10: 0.47702857 | HI10: 0.4887381 | HJ10: 0.45826667 | HK10: 0.39321905 | HL10: 0.30476667 | HM10: 0.24490952 | HN10: 0.20900476 | HO10: 0.19216667 | HP10: 0.18489048 | HQ10: 0.18312857 | HR10: 0.19490476 | HS10: 0.25092857 | HT10: 0.31158571 | HU10: 0.28403333 | HV10: 0.26293333 | HW10: 0.24702857 | HX10: 0.25079048 | HY10: 0.26955238 | HZ10: 0.27300476 | IA10: 0.27078095 | IB10: 0.26115714 | IC10: 0.25843333 | ID10: 0.29091429 | IE10: 0.39242381 | IF10: 0.50242857 | IG10: 0.48491429 | IH10: 0.44715238 | II10: 0.37683333 | IJ10: 0.35308571 | IK10: 0.2786381 | IL10: 0.2379381 | IM10: 0.21887143 | IN10: 0.21091905 | IO10: 0.21125714 | IP10: 0.23287619 | IQ10: 0.31187143 | IR10: 0.38222381 | IS10: 0.35227619 | IT10: 0.3278 | IU10: 0.3092381 | IV10: 0.31586667 | IW10: 0.33983333 | IX10: 0.34983333 | IY10: 0.35408571 | IZ10: 0.35632381 | JA10: 0.38314286 | JB10: 0.44990476 | JC10: 0.53411905 | JD10: 0.6084 | JE10: 0.58563333 | JF10: 0.53573333 | JG10: 0.44412857 | JH10: 0.40305238 | JI10: 0.32513333 | JJ10: 0.27822381 | JK10: 0.25551905 | JL10: 0.24631429 | JM10: 0.24685238 | JN10: 0.27091905 | JO10: 0.34977619 | JP10: 0.43201429 | JQ10: 0.4228619 | JR10: 0.40602857 | JS10: 0.38561905 | JT10: 0.39015714 | JU10: 0.4198 | JV10: 0.43000476 | JW10: 0.4358 | JX10: 0.4377 | JY10: 0.46199524 | JZ10: 0.51702381 | KA10: 0.58708571 | KB10: 0.65548571 | KC10: 0.63319048 | KD10: 0.58480476 | KE10: 0.49524762
A11: 3 | B11: 0.46084848 | C11: 0.37208939 | D11: 0.30670758 | E11: 0.27078485 | F11: 0.25367424 | G11: 0.24810758 | H11: 0.26140758 | I11: 0.30587273 | J11: 0.38010758 | K11: 0.42506364 | L11: 0.46402273 | M11: 0.47858333 | N11: 0.4882197 | O11: 0.52554242 | P11: 0.51675 | Q11: 0.51691818 | R11: 0.50989697 | S11: 0.51381667 | T11: 0.57839848 | U11: 0.65830909 | V11: 0.75934848 | W11: 0.72314545 | X11: 0.66314848 | Y11: 0.5695803 | AA11: 0.42342727 | AB11: 0.34267879 | AC11: 0.28267424 | AD11: 0.25026212 | AE11: 0.23486212 | AF11: 0.23065 | AG11: 0.24473788 | AH11: 0.29174394 | AI11: 0.36391667 | AJ11: 0.40127727 | AK11: 0.43314091 | AL11: 0.43992424 | AM11: 0.44446212 | AN11: 0.47706212 | AO11: 0.46429848 | AP11: 0.4651303 | AQ11: 0.45326212 | AR11: 0.44543636 | AS11: 0.49307424 | AT11: 0.59865606 | AU11: 0.70833485 | AV11: 0.67533788 | AW11: 0.61430152 | AX11: 0.52547273 | AZ11: 0.41113788 | BA11: 0.33117879 | BB11: 0.27418636 | BC11: 0.22534242 | BD11: 0.23279242 | BE11: 0.22877727 | BF11: 0.24253939 | BG11: 0.2845197 | BH11: 0.34631364 | BI11: 0.37779091 | BJ11: 0.40368182 | BK11: 0.40668788 | BL11: 0.41132424 | BM11: 0.44188182 | BN11: 0.43148788 | BO11: 0.43039545 | BP11: 0.41682424 | BQ11: 0.40131212 | BR11: 0.43299394 | BS11: 0.53609697 | BT11: 0.67450455 | BU11: 0.65548182 | BV11: 0.60041212 | BW11: 0.51310758 | BX11: 0.38579091 | BY11: 0.3084 | BZ11: 0.25358333 | CA11: 0.22550303 | CB11: 0.21311212 | CC11: 0.20885 | CD11: 0.21829848 | CE11: 0.24988182 | CF11: 0.30497273 | CG11: 0.34116061 | CH11: 0.36914848 | CI11: 0.37516061 | CJ11: 0.38023939 | CK11: 0.40560606 | CL11: 0.38954697 | CM11: 0.38403636 | CN11: 0.36911818 | CO11: 0.34624848 | CP11: 0.34919091 | CQ11: 0.39875909 | CR11: 0.53256212 | CS11: 0.58428485 | CT11: 0.54564545 | CU11: 0.47555758 | CV11: 0.36056515 | CW11: 0.29779242 | CX11: 0.2508803 | CY11: 0.22561212 | CZ11: 0.21386364 | DA11: 0.20854545 | DB11: 0.21373939 | DC11: 0.2314197 | DD11: 0.27572424 | DE11: 0.30837121 | DF11: 0.33019242 | DG11: 0.33391364 | DH11: 0.33953182 | DI11: 0.36353636 | DJ11: 0.35697273 | DK11: 0.35390909 | DL11: 0.34241364 | DM11: 0.32381515 | DN11: 0.32320303 | DO11: 0.35660909 | DP11: 0.4541803 | DQ11: 0.50173636 | DR11: 0.48819545 | DS11: 0.43604697 | DT11: 0.41674848 | DU11: 0.35055758 | DV11: 0.30314545 | DW11: 0.2743697 | DX11: 0.25875606 | DY11: 0.25075606 | DZ11: 0.25063636 | EA11: 0.25722273 | EB11: 0.28522424 | EC11: 0.31240455 | ED11: 0.33054394 | EE11: 0.33888182 | EF11: 0.35279242 | EG11: 0.38498485 | EH11: 0.39752121 | EI11: 0.40193333 | EJ11: 0.39065455 | EK11: 0.37919697 | EL11: 0.38117727 | EM11: 0.40731061 | EN11: 0.47877121 | EO11: 0.51122424 | EP11: 0.50927879 | EQ11: 0.47799545 | ER11: 0.49456515 | ES11: 0.42829545 | ET11: 0.37766212 | EU11: 0.34313939 | EV11: 0.32148788 | EW11: 0.30808636 | EX11: 0.30309394 | EY11: 0.30051061 | EZ11: 0.31483182 | FA11: 0.33575152 | FB11: 0.35721667 | FC11: 0.37692121 | FD11: 0.40513485 | FE11: 0.45363939 | FF11: 0.48389545 | FG11: 0.49598939 | FH11: 0.48509697 | FI11: 0.47212727 | FJ11: 0.47300152 | FK11: 0.49545455 | FL11: 0.55945152 | FM11: 0.58535909 | FN11: 0.58104697 | FO11: 0.55177121 | FP11: 0.41794091 | FQ11: 0.37365606 | FR11: 0.33225909 | FS11: 0.3040197 | FT11: 0.28724545 | FU11: 0.27678636 | FV11: 0.27583485 | FW11: 0.27585455 | FX11: 0.28580909 | FY11: 0.30760152 | FZ11: 0.32942576 | GA11: 0.34469242 | GB11: 0.36398333 | GC11: 0.40025606 | GD11: 0.41570455 | GE11: 0.42131667 | GF11: 0.41330909 | GG11: 0.40303333 | GH11: 0.40521818 | GI11: 0.42806818 | GJ11: 0.4923 | GK11: 0.51974242 | GL11: 0.50266061 | GM11: 0.46636212 | GN11: 0.34286818 | GO11: 0.29355606 | GP11: 0.25460909 | GQ11: 0.2323803 | GR11: 0.22022424 | GS11: 0.2143697 | GT11: 0.21854242 | GU11: 0.2357 | GV11: 0.26426818 | GW11: 0.28965758 | GX11: 0.31307727 | GY11: 0.32152576 | GZ11: 0.33167727 | HA11: 0.35821212 | HB11: 0.35448636 | HC11: 0.35165758 | HD11: 0.34239697 | HE11: 0.32750606 | HF11: 0.32974242 | HG11: 0.36646212 | HH11: 0.47023333 | HI11: 0.48795606 | HJ11: 0.45209545 | HK11: 0.40278485 | HL11: 0.32225152 | HM11: 0.26965 | HN11: 0.22737727 | HO11: 0.20462121 | HP11: 0.19334242 | HQ11: 0.18906515 | HR11: 0.19554697 | HS11: 0.22245909 | HT11: 0.27120758 | HU11: 0.2962 | HV11: 0.31464545 | HW11: 0.31440758 | HX11: 0.31681364 | HY11: 0.34118333 | HZ11: 0.33400455 | IA11: 0.32869697 | IB11: 0.31653333 | IC11: 0.30147273 | ID11: 0.31632273 | IE11: 0.38550758 | IF11: 0.50087879 | IG11: 0.48822121 | IH11: 0.44622273 | II11: 0.38890455 | IJ11: 0.36446364 | IK11: 0.29361061 | IL11: 0.24433485 | IM11: 0.2171 | IN11: 0.20379697 | IO11: 0.19961818 | IP11: 0.20985758 | IQ11: 0.24774545 | IR11: 0.30737576 | IS11: 0.33839848 | IT11: 0.36329242 | IU11: 0.36675455 | IV11: 0.37332576 | IW11: 0.40875152 | IX11: 0.4063303 | IY11: 0.40674697 | IZ11: 0.40234697 | JA11: 0.40897121 | JB11: 0.45612727 | JC11: 0.51520758 | JD11: 0.60009848 | JE11: 0.57799697 | JF11: 0.52696818 | JG11: 0.45126364 | JH11: 0.41374848 | JI11: 0.33615455 | JJ11: 0.27818485 | JK11: 0.24417727 | JL11: 0.22714848 | JM11: 0.22135455 | JN11: 0.23276061 | JO11: 0.27431515 | JP11: 0.33971515 | JQ11: 0.38261818 | JR11: 0.41783636 | JS11: 0.42917424 | JT11: 0.43860303 | JU11: 0.4728803 | JV11: 0.46512273 | JW11: 0.46568182 | JX11: 0.46897576 | JY11: 0.48077576 | JZ11: 0.52243636 | KA11: 0.57028485 | KB11: 0.64498939 | KC11: 0.62269242 | KD11: 0.57023636 | KE11: 0.49963182
A12: SAB | B12: 0.47168636 | C12: 0.37053182 | D12: 0.30417727 | E12: 0.26860909 | F12: 0.25350455 | G12: 0.24961364 | H12: 0.26371364 | I12: 0.30716818 | J12: 0.38441818 | K12: 0.44199091 | L12: 0.47961818 | M12: 0.47537273 | N12: 0.46247273 | O12: 0.49363636 | P12: 0.50965455 | Q12: 0.52255455 | R12: 0.51325 | S12: 0.51765 | T12: 0.58973636 | U12: 0.67330909 | V12: 0.77702727 | W12: 0.72324545 | X12: 0.64625455 | Y12: 0.56384091 | AA12: 0.43145909 | AB12: 0.33878636 | AC12: 0.27881364 | AD12: 0.24696364 | AE12: 0.23266818 | AF12: 0.22818182 | AG12: 0.24213182 | AH12: 0.28464091 | AI12: 0.3576 | AJ12: 0.41553182 | AK12: 0.45216364 | AL12: 0.45385455 | AM12: 0.45105909 | AN12: 0.48746364 | AO12: 0.4965 | AP12: 0.50923182 | AQ12: 0.49606364 | AR12: 0.48292273 | AS12: 0.52364091 | AT12: 0.61894091 | AU12: 0.71812727 | AV12: 0.66710909 | AW12: 0.58589091 | AX12: 0.51043182 | AZ12: 0.41392273 | BA12: 0.32912727 | BB12: 0.27221364 | BC12: 0.24412273 | BD12: 0.23119091 | BE12: 0.2282 | BF12: 0.24252273 | BG12: 0.28155909 | BH12: 0.34674545 | BI12: 0.39463636 | BJ12: 0.42166818 | BK12: 0.41252273 | BL12: 0.40730455 | BM12: 0.44217727 | BN12: 0.45002273 | BO12: 0.45935 | BP12: 0.44458636 | BQ12: 0.42578636 | BR12: 0.45846364 | BS12: 0.5598 | BT12: 0.68671818 | BU12: 0.63963182 | BV12: 0.56670455 | BW12: 0.49305455 | BX12: 0.3846 | BY12: 0.30660909 | BZ12: 0.25255455 | CA12: 0.22473636 | CB12: 0.21234545 | CC12: 0.20770909 | CD12: 0.21624545 | CE12: 0.24348182 | CF12: 0.29829091 | CG12: 0.34808182 | CH12: 0.37815455 | CI12: 0.37581818 | CJ12: 0.3737 | CK12: 0.40529091 | CL12: 0.41141818 | CM12: 0.41777273 | CN12: 0.40052727 | CO12: 0.37399091 | CP12: 0.37199091 | CQ12: 0.41758182 | CR12: 0.54364545 | CS12: 0.5767 | CT12: 0.51955455 | CU12: 0.45690909 | CV12: 0.35603636 | CW12: 0.30181364 | CX12: 0.25382273 | CY12: 0.22858636 | CZ12: 0.21662273 | DA12: 0.21092727 | DB12: 0.21555455 | DC12: 0.23171818 | DD12: 0.27781818 | DE12: 0.31964545 | DF12: 0.34144091 | DG12: 0.33883182 | DH12: 0.33826818 | DI12: 0.36847273 | DJ12: 0.37977727 | DK12: 0.38536818 | DL12: 0.37072727 | DM12: 0.34813636 | DN12: 0.34361364 | DO12: 0.37162727 | DP12: 0.45604545 | DQ12: 0.48687273 | DR12: 0.45648182 | DS12: 0.41148636 | DT12: 0.39343182 | DU12: 0.34761364 | DV12: 0.30048182 | DW12: 0.27183182 | DX12: 0.25683182 | DY12: 0.24904545 | DZ12: 0.24885909 | EA12: 0.25416818 | EB12: 0.28294545 | EC12: 0.31593182 | ED12: 0.33559545 | EE12: 0.33974545 | EF12: 0.34965455 | EG12: 0.38402727 | EH12: 0.40519091 | EI12: 0.41345 | EJ12: 0.40214545 | EK12: 0.38671818 | EL12: 0.38473636 | EM12: 0.40460455 | EN12: 0.46509545 | EO12: 0.48582727 | EP12: 0.47062273 | EQ12: 0.44009545 | ER12: 0.46242727 | ES12: 0.42339091 | ET12: 0.37298182 | EU12: 0.3388 | EV12: 0.31755455 | EW12: 0.30441818 | EX12: 0.29973636 | EY12: 0.29783636 | EZ12: 0.31412727 | FA12: 0.33881818 | FB12: 0.35967273 | FC12: 0.37506364 | FD12: 0.4002 | FE12: 0.4519 | FF12: 0.49041818 | FG12: 0.50605455 | FH12: 0.49485455 | FI12: 0.47874545 | FJ12: 0.47501818 | FK12: 0.49092727 | FL12: 0.54234545 | FM12: 0.55423636 | FN12: 0.53618182 | FO12: 0.50606364 | FP12: 0.40944545 | FQ12: 0.37388182 | FR12: 0.33204091 | FS12: 0.30391818 | FT12: 0.28704091 | FU12: 0.27648636 | FV12: 0.27553636 | FW12: 0.27526818 | FX12: 0.28647727 | FY12: 0.3116 | FZ12: 0.33356364 | GA12: 0.34558182 | GB12: 0.36225 | GC12: 0.40228636 | GD12: 0.42655 | GE12: 0.43481818 | GF12: 0.42690909 | GG12: 0.41482273 | GH12: 0.41495 | GI12: 0.43507273 | GJ12: 0.49125 | GK12: 0.51127727 | GL12: 0.48479091 | GM12: 0.45019545 | GN12: 0.33527273 | GO12: 0.29758636 | GP12: 0.25920909 | GQ12: 0.23729091 | GR12: 0.22496364 | GS12: 0.21922727 | GT12: 0.22287727 | GU12: 0.23695 | GV12: 0.26319545 | GW12: 0.29551818 | GX12: 0.31952273 | GY12: 0.32420455 | GZ12: 0.33069091 | HA12: 0.36270455 | HB12: 0.37243182 | HC12: 0.37411818 | HD12: 0.36512727 | HE12: 0.34828182 | HF12: 0.34703636 | HG12: 0.37767727 | HH12: 0.46744091 | HI12: 0.4707 | HJ12: 0.42139545 | HK12: 0.37916364 | HL12: 0.32251818 | HM12: 0.27062727 | HN12: 0.22729091 | HO12: 0.20462727 | HP12: 0.19424545 | HQ12: 0.18975455 | HR12: 0.19588182 | HS12: 0.21963636 | HT12: 0.26831818 | HU12: 0.3056 | HV12: 0.32667273 | HW12: 0.32116364 | HX12: 0.31676364 | HY12: 0.34567273 | HZ12: 0.3558 | IA12: 0.35561818 | IB12: 0.34 | IC12: 0.31988182 | ID12: 0.32840909 | IE12: 0.39206364 | IF12: 0.50132727 | IG12: 0.47691818 | IH12: 0.42033636 | II12: 0.37287273 | IJ12: 0.36982727 | IK12: 0.29336818 | IL12: 0.24320909 | IM12: 0.21645455 | IN12: 0.20320909 | IO12: 0.19867273 | IP12: 0.20837727 | IQ12: 0.24107273 | IR12: 0.30227727 | IS12: 0.35067727 | IT12: 0.38357273 | IU12: 0.38509091 | IV12: 0.38938182 | IW12: 0.43494091 | IX12: 0.45271364 | IY12: 0.45853636 | IZ12: 0.44866818 | JA12: 0.44637273 | JB12: 0.48397727 | JC12: 0.53179545 | JD12: 0.60690909 | JE12: 0.56500909 | JF12: 0.49786364 | JG12: 0.43515 | JH12: 0.41980909 | JI12: 0.33424545 | JJ12: 0.27558182 | JK12: 0.24221818 | JL12: 0.22576364 | JM12: 0.21971818 | JN12: 0.23 | JO12: 0.26493636 | JP12: 0.3296 | JQ12: 0.38949091 | JR12: 0.43023636 | JS12: 0.43689091 | JT12: 0.44159091 | JU12: 0.48070909 | JV12: 0.49623636 | JW12: 0.51208182 | JX12: 0.51439091 | JY12: 0.52355455 | JZ12: 0.56662727 | KA12: 0.6122 | KB12: 0.66947273 | KC12: 0.61268182 | KD12: 0.54004545 | KE12: 0.48250909
A13: DOM | B13: 0.44950909 | C13: 0.39384091 | D13: 0.32776818 | E13: 0.28566818 | F13: 0.26202273 | G13: 0.25086364 | H13: 0.25699091 | I13: 0.27826818 | J13: 0.31821364 | K13: 0.38427727 | L13: 0.46889091 | M13: 0.53431818 | N13: 0.5807 | O13: 0.62863636 | P13: 0.56622727 | Q13: 0.54350455 | R13: 0.5389 | S13: 0.54011364 | T13: 0.59455 | U13: 0.65947273 | V13: 0.74186818 | W13: 0.70917727 | X13: 0.6495 | Y13: 0.55617273 | AA13: 0.40871818 | AB13: 0.36016818 | AC13: 0.29928636 | AD13: 0.26129091 | AE13: 0.24112273 | AF13: 0.23366364 | AG13: 0.24105909 | AH13: 0.26549545 | AI13: 0.30936818 | AJ13: 0.38043182 | AK13: 0.4588 | AL13: 0.50114091 | AM13: 0.52403182 | AN13: 0.55858182 | AO13: 0.49232273 | AP13: 0.47440909 | AQ13: 0.46259545 | AR13: 0.45472273 | AS13: 0.49957727 | AT13: 0.60121818 | AU13: 0.69935909 | AV13: 0.66832727 | AW13: 0.60843636 | AX13: 0.51601818 | AZ13: 0.40355909 | BA13: 0.34448636 | BB13: 0.28642727 | BC13: 0.19433636 | BD13: 0.24025455 | BE13: 0.23248182 | BF13: 0.23919545 | BG13: 0.25776818 | BH13: 0.29311364 | BI13: 0.35702273 | BJ13: 0.42672273 | BK13: 0.46545455 | BL13: 0.48904545 | BM13: 0.51984545 | BN13: 0.46210455 | BO13: 0.44280455 | BP13: 0.42997273 | BQ13: 0.41336364 | BR13: 0.43958636 | BS13: 0.53433636 | BT13: 0.66220455 | BU13: 0.65455 | BV13: 0.60095909 | BW13: 0.51057727 | BX13: 0.38085 | BY13: 0.31915 | BZ13: 0.26272273 | CA13: 0.23178182 | CB13: 0.21710455 | CC13: 0.21104545 | CD13: 0.2161 | CE13: 0.23016818 | CF13: 0.26345455 | CG13: 0.32682273 | CH13: 0.39525909 | CI13: 0.43488182 | CJ13: 0.45708182 | CK13: 0.47750455 | CL13: 0.40655909 | CM13: 0.37862273 | CN13: 0.3671 | CO13: 0.34714091 | CP13: 0.34930455 | CQ13: 0.39199091 | CR13: 0.51199091 | CS13: 0.57057727 | CT13: 0.53715 | CU13: 0.46913636 | CV13: 0.35613636 | CW13: 0.3047 | CX13: 0.25892727 | CY13: 0.2308 | CZ13: 0.2171 | DA13: 0.21019091 | DB13: 0.21218182 | DC13: 0.21619091 | DD13: 0.24247273 | DE13: 0.29854545 | DF13: 0.35194545 | DG13: 0.37837273 | DH13: 0.39623636 | DI13: 0.41732727 | DJ13: 0.37160909 | DK13: 0.35245455 | DL13: 0.34298182 | DM13: 0.32488182 | DN13: 0.32400909 | DO13: 0.35494545 | DP13: 0.44606364 | DQ13: 0.49704545 | DR13: 0.48691818 | DS13: 0.43392727 | DT13: 0.42015455 | DU13: 0.34306364 | DV13: 0.30069091 | DW13: 0.27188182 | DX13: 0.25536364 | DY13: 0.24701818 | DZ13: 0.24534545 | EA13: 0.24650909 | EB13: 0.26615455 | EC13: 0.30434545 | ED13: 0.33986364 | EE13: 0.36101818 | EF13: 0.38157273 | EG13: 0.40969091 | EH13: 0.39872727 | EI13: 0.39549091 | EJ13: 0.38557273 | EK13: 0.37776364 | EL13: 0.38163636 | EM13: 0.40804545 | EN13: 0.47277273 | EO13: 0.50530909 | EP13: 0.50854545 | EQ13: 0.48081818 | ER13: 0.50614545 | ES13: 0.41971818 | ET13: 0.37694545 | EU13: 0.34332727 | EV13: 0.32093636 | EW13: 0.30721818 | EX13: 0.30099091 | EY13: 0.2941 | EZ13: 0.30181818 | FA13: 0.32987273 | FB13: 0.36645455 | FC13: 0.3999 | FD13: 0.43527273 | FE13: 0.47780909 | FF13: 0.48413636 | FG13: 0.49111818 | FH13: 0.48452727 | FI13: 0.47471818 | FJ13: 0.47868182 | FK13: 0.4997 | FL13: 0.55641818 | FM13: 0.58149091 | FN13: 0.5819 | FO13: 0.55947273 | FP13: 0.40382727 | FQ13: 0.36335455 | FR13: 0.32747273 | FS13: 0.30022727 | FT13: 0.28341818 | FU13: 0.27323636 | FV13: 0.27177273 | FW13: 0.26862727 | FX13: 0.27271818 | FY13: 0.29936364 | FZ13: 0.33263636 | GA13: 0.35933636 | GB13: 0.38474545 | GC13: 0.41390909 | GD13: 0.40565455 | GE13: 0.40382727 | GF13: 0.39901818 | GG13: 0.39033636 | GH13: 0.39346364 | GI13: 0.41337273 | GJ13: 0.46911818 | GK13: 0.49354545 | GL13: 0.47921818 | GM13: 0.44613636 | GN13: 0.34048182 | GO13: 0.29290909 | GP13: 0.256 | GQ13: 0.23249091 | GR13: 0.21908636 | GS13: 0.21185909 | GT13: 0.21411364 | GU13: 0.22093636 | GV13: 0.23692727 | GW13: 0.28096818 | GX13: 0.33051818 | GY13: 0.35804091 | GZ13: 0.37904545 | HA13: 0.40193636 | HB13: 0.36510455 | HC13: 0.35124545 | HD13: 0.34225 | HE13: 0.32636364 | HF13: 0.32745909 | HG13: 0.35947273 | HH13: 0.45435 | HI13: 0.47987273 | HJ13: 0.44801364 | HK13: 0.40001818 | HL13: 0.31536364 | HM13: 0.2785 | HN13: 0.23658182 | HO13: 0.21102727 | HP13: 0.19612727 | HQ13: 0.19077273 | HR13: 0.1944 | HS13: 0.20774545 | HT13: 0.23880909 | HU13: 0.29001818 | HV13: 0.33748182 | HW13: 0.35725455 | HX13: 0.37134545 | HY13: 0.39558182 | HZ13: 0.35229091 | IA13: 0.33410909 | IB13: 0.32232727 | IC13: 0.30886364 | ID13: 0.32671818 | IE13: 0.39199091 | IF13: 0.49374545 | IG13: 0.48367273 | IH13: 0.44399091 | II13: 0.38417273 | IJ13: 0.35180909 | IK13: 0.30389091 | IL13: 0.2553 | IM13: 0.22400909 | IN13: 0.20772727 | IO13: 0.2014 | IP13: 0.20655455 | IQ13: 0.22399091 | IR13: 0.26050909 | IS13: 0.32179091 | IT13: 0.3796 | IU13: 0.40570909 | IV13: 0.42264545 | IW13: 0.45567273 | IX13: 0.40958182 | IY13: 0.39471818 | IZ13: 0.392 | JA13: 0.40357273 | JB13: 0.45436364 | JC13: 0.51056364 | JD13: 0.5835 | JE13: 0.56609091 | JF13: 0.51856364 | JG13: 0.44129091 | JH13: 0.40402273 | JI13: 0.35035909 | JJ13: 0.29255909 | JK13: 0.25326818 | JL13: 0.2318 | JM13: 0.22294091 | JN13: 0.22885909 | JO13: 0.25162273 | JP13: 0.29235 | JQ13: 0.36250455 | JR13: 0.43913182 | JS13: 0.48523182 | JT13: 0.51312273 | JU13: 0.54367727 | JV13: 0.47797273 | JW13: 0.44976818 | JX13: 0.45795909 | JY13: 0.47438182 | JZ13: 0.50992727 | KA13: 0.54509091 | KB13: 0.61024545 | KC13: 0.60544091 | KD13: 0.56109545 | KE13: 0.49128636
A14: Giorno_feriale | B14: 0.46135 | C14: 0.35189545 | D14: 0.28817727 | E14: 0.25807727 | F14: 0.24549545 | G14: 0.24384545 | H14: 0.26351818 | I14: 0.33218182 | J14: 0.43769091 | K14: 0.44892273 | L14: 0.44355909 | M14: 0.42605909 | N14: 0.42148636 | O14: 0.45435455 | P14: 0.47436818 | Q14: 0.48469545 | R14: 0.47754091 | S14: 0.48368636 | T14: 0.55090909 | U14: 0.64214545 | V14: 0.75915 | W14: 0.73701364 | X14: 0.69369091 | Y14: 0.58872727 | AA14: 0.43010455 | AB14: 0.32908182 | AC14: 0.26992273 | AD14: 0.24253182 | AE14: 0.23079545 | AF14: 0.23010455 | AG14: 0.25102273 | AH14: 0.32509545 | AI14: 0.42478182 | AJ14: 0.40786818 | AK14: 0.38845909 | AL14: 0.36477727 | AM14: 0.35829545 | AN14: 0.38514091 | AO14: 0.40407273 | AP14: 0.41175 | AQ14: 0.40112727 | AR14: 0.39866364 | AS14: 0.45600455 | AT14: 0.57580909 | AU14: 0.70751818 | AV14: 0.69057727 | AW14: 0.64857727 | AX14: 0.54996818 | AZ14: 0.41593182 | BA14: 0.31992273 | BB14: 0.26391818 | BC14: 0.23756818 | BD14: 0.22693182 | BE14: 0.22565 | BF14: 0.2459 | BG14: 0.31423182 | BH14: 0.39908182 | BI14: 0.38171364 | BJ14: 0.36265455 | BK14: 0.34208636 | BL14: 0.33762273 | BM14: 0.36362273 | BN14: 0.38233636 | BO14: 0.38903182 | BP14: 0.37591364 | BQ14: 0.36478636 | BR14: 0.40093182 | BS14: 0.51415455 | BT14: 0.67459091 | BU14: 0.67226364 | BV14: 0.63357273 | BW14: 0.53569091 | BX14: 0.39192273 | BY14: 0.29944091 | BZ14: 0.24547273 | CA14: 0.21999091 | CB14: 0.20988636 | CC14: 0.20779545 | CD14: 0.22255 | CE14: 0.27599545 | CF14: 0.35317273 | CG14: 0.34857727 | CH14: 0.33403182 | CI14: 0.31478182 | CJ14: 0.30993636 | CK14: 0.33402273 | CL14: 0.35066364 | CM14: 0.35571364 | CN14: 0.33972727 | CO14: 0.31761364 | CP14: 0.32627727 | CQ14: 0.38670455 | CR14: 0.54205 | CS14: 0.60557727 | CT14: 0.58023182 | CU14: 0.50062727 | CV14: 0.36952273 | CW14: 0.28686364 | CX14: 0.23989091 | CY14: 0.21745 | CZ14: 0.20786818 | DA14: 0.20451818 | DB14: 0.21348182 | DC14: 0.24635 | DD14: 0.30688182 | DE14: 0.30692273 | DF14: 0.29719091 | DG14: 0.28453636 | DH14: 0.28409091 | DI14: 0.30480909 | DJ14: 0.31953182 | DK14: 0.32390455 | DL14: 0.31353182 | DM14: 0.29842727 | DN14: 0.30198636 | DO14: 0.34325455 | DP14: 0.46043182 | DQ14: 0.52129091 | DR14: 0.52118636 | DS14: 0.46272727 | DT14: 0.43665909 | DU14: 0.36099545 | DV14: 0.30826364 | DW14: 0.27939545 | DX14: 0.26407273 | DY14: 0.25620455 | DZ14: 0.25770455 | EA14: 0.27099091 | EB14: 0.30657273 | EC14: 0.31693636 | ED14: 0.31617273 | EE14: 0.31588182 | EF14: 0.32715 | EG14: 0.36123636 | EH14: 0.38864545 | EI14: 0.39685909 | EJ14: 0.38424545 | EK14: 0.37310909 | EL14: 0.37715909 | EM14: 0.40928182 | EN14: 0.49844545 | EO14: 0.54253636 | EP14: 0.54866818 | EQ14: 0.51307273 | ER14: 0.51512273 | ES14: 0.44177727 | ET14: 0.38305909 | EU14: 0.34729091 | EV14: 0.32597273 | EW14: 0.31262273 | EX14: 0.30855455 | EY14: 0.30959545 | EZ14: 0.32855 | FA14: 0.33856364 | FB14: 0.34552273 | FC14: 0.3558 | FD14: 0.37993182 | FE14: 0.43120909 | FF14: 0.47713182 | FG14: 0.49079545 | FH14: 0.47590909 | FI14: 0.46291818 | FJ14: 0.46530455 | FK14: 0.49573636 | FL14: 0.57959091 | FM14: 0.62035 | FN14: 0.62505909 | FO14: 0.58977727 | FP14: 0.44055 | FQ14: 0.38373182 | FR14: 0.33726364 | FS14: 0.30791364 | FT14: 0.29127727 | FU14: 0.28063636 | FV14: 0.28019545 | FW14: 0.28366818 | FX14: 0.29823182 | FY14: 0.31184091 | FZ14: 0.32207727 | GA14: 0.32915909 | GB14: 0.34495455 | GC14: 0.38457273 | GD14: 0.41490909 | GE14: 0.42530455 | GF14: 0.414 | GG14: 0.40394091 | GH14: 0.40724091 | GI14: 0.43575909 | GJ14: 0.51653182 | GK14: 0.55440455 | GL14: 0.54397273 | GM14: 0.50275455 | GN14: 0.35285 | GO14: 0.29017273 | GP14: 0.24861818 | GQ14: 0.22735909 | GR14: 0.21662273 | GS14: 0.21202273 | GT14: 0.21863636 | GU14: 0.24921364 | GV14: 0.29268182 | GW14: 0.29248636 | GX14: 0.28919091 | GY14: 0.28233182 | GZ14: 0.28529545 | HA14: 0.30999545 | HB14: 0.32592273 | HC14: 0.32960909 | HD14: 0.31981364 | HE14: 0.30787273 | HF14: 0.31473182 | HG14: 0.36223636 | HH14: 0.48890909 | HI14: 0.51329545 | HJ14: 0.48687727 | HK14: 0.42917273 | HL14: 0.32887273 | HM14: 0.25982273 | HN14: 0.21825909 | HO14: 0.19820909 | HP14: 0.18965455 | HQ14: 0.18666818 | HR14: 0.19635909 | HS14: 0.23999545 | HT14: 0.30649545 | HU14: 0.29298182 | HV14: 0.27978182 | HW14: 0.26480455 | HX14: 0.26233182 | HY14: 0.28229545 | HZ14: 0.29392273 | IA14: 0.29636364 | IB14: 0.28727273 | IC14: 0.27567273 | ID14: 0.29384091 | IE14: 0.37246818 | IF14: 0.50756364 | IG14: 0.50407273 | IH14: 0.47434091 | II14: 0.40966818 | IJ14: 0.37175455 | IK14: 0.28357273 | IL14: 0.23449545 | IM14: 0.21083636 | IN14: 0.20045455 | IO14: 0.19878182 | IP14: 0.21464091 | IQ14: 0.27817273 | IR14: 0.35934091 | IS14: 0.34272727 | IT14: 0.32670455 | IU14: 0.30946364 | IV14: 0.30795 | IW14: 0.33564091 | IX14: 0.35669545 | IY14: 0.36698636 | IZ14: 0.36637273 | JA14: 0.37696818 | JB14: 0.43004091 | JC14: 0.50326364 | JD14: 0.60988636 | JE14: 0.60289091 | JF14: 0.56447727 | JG14: 0.47735 | JH14: 0.41741364 | JI14: 0.32385909 | JJ14: 0.26641364 | JK14: 0.23704545 | JL14: 0.22388182 | JM14: 0.22140455 | JN14: 0.23942273 | JO14: 0.30638636 | JP14: 0.39719545 | JQ14: 0.39585909 | JR14: 0.38414091 | JS14: 0.3654 | JT14: 0.36109545 | JU14: 0.39425455 | JV14: 0.42115909 | JW14: 0.43519545 | JX14: 0.43457727 | JY14: 0.44439091 | JZ14: 0.49075455 | KA14: 0.55356364 | KB14: 0.65525 | KC14: 0.64995455 | KD14: 0.60956818 | KE14: 0.5251
A15: 4 | B15: 0.4688375 | C15: 0.37402917 | D15: 0.30401667 | E15: 0.26375972 | F15: 0.24413611 | G15: 0.23780694 | H15: 0.25107222 | I15: 0.29925694 | J15: 0.38749306 | K15: 0.43729583 | L15: 0.47133889 | M15: 0.48059583 | N15: 0.48357917 | O15: 0.52112222 | P15: 0.5353625 | Q15: 0.52536667 | R15: 0.53388056 | S15: 0.54470278 | T15: 0.59160139 | U15: 0.63422639 | V15: 0.70136806 | W15: 0.72090278 | X15: 0.66648194 | Y15: 0.57734583 | AA15: 0.43441528 | AB15: 0.34672222 | AC15: 0.28126528 | AD15: 0.24597639 | AE15: 0.22998611 | AF15: 0.22511667 | AG15: 0.23957778 | AH15: 0.29229583 | AI15: 0.37857222 | AJ15: 0.41663889 | AK15: 0.44296806 | AL15: 0.44416111 | AM15: 0.44190694 | AN15: 0.47442778 | AO15: 0.48339583 | AP15: 0.47477083 | AQ15: 0.48059306 | AR15: 0.48072639 | AS15: 0.5205125 | AT15: 0.58388194 | AU15: 0.65837778 | AV15: 0.67914306 | AW15: 0.62476667 | AX15: 0.53828194 | AZ15: 0.4337375 | BA15: 0.34237361 | BB15: 0.27872917 | BC15: 0.22657917 | BD15: 0.23274306 | BE15: 0.22799444 | BF15: 0.24152083 | BG15: 0.28995278 | BH15: 0.36946111 | BI15: 0.40825556 | BJ15: 0.43590417 | BK15: 0.44081389 | BL15: 0.44359167 | BM15: 0.47884444 | BN15: 0.48571389 | BO15: 0.47312083 | BP15: 0.47325278 | BQ15: 0.46444306 | BR15: 0.48604028 | BS15: 0.55618333 | BT15: 0.64818611 | BU15: 0.67789444 | BV15: 0.62562639 | BW15: 0.53868056 | BX15: 0.39084444 | BY15: 0.311025 | BZ15: 0.25424444 | CA15: 0.22466944 | CB15: 0.21123472 | CC15: 0.20701667 | CD15: 0.216425 | CE15: 0.25150417 | CF15: 0.31801944 | CG15: 0.35781389 | CH15: 0.38506667 | CI15: 0.38895417 | CJ15: 0.3896125 | CK15: 0.4141625 | CL15: 0.40979028 | CM15: 0.38724861 | CN15: 0.3801625 | CO15: 0.36196806 | CP15: 0.36076528 | CQ15: 0.39069861 | CR15: 0.48665972 | CS15: 0.57003472 | CT15: 0.54131806 | CU15: 0.476225 | CV15: 0.35307778 | CW15: 0.29095833 | CX15: 0.24519722 | CY15: 0.22033194 | CZ15: 0.20901806 | DA15: 0.20488056 | DB15: 0.21014722 | DC15: 0.23099306 | DD15: 0.28297222 | DE15: 0.31620833 | DF15: 0.33606806 | DG15: 0.33719028 | DH15: 0.33976806 | DI15: 0.36517083 | DJ15: 0.36890278 | DK15: 0.35167222 | DL15: 0.34410556 | DM15: 0.32969028 | DN15: 0.3275625 | DO15: 0.34508472 | DP15: 0.40778333 | DQ15: 0.48227083 | DR15: 0.47212639 | DS15: 0.42079861 | DT15: 0.43355417 | DU15: 0.36697778 | DV15: 0.31971944 | DW15: 0.29119167 | DX15: 0.2751375 | DY15: 0.26529861 | DZ15: 0.26195556 | EA15: 0.26652778 | EB15: 0.29760833 | EC15: 0.3293 | ED15: 0.35093333 | EE15: 0.36167778 | EF15: 0.37622917 | EG15: 0.41661389 | EH15: 0.44935972 | EI15: 0.44801806 | EJ15: 0.43620278 | EK15: 0.42162222 | EL15: 0.41736389 | EM15: 0.42569444 | EN15: 0.46172778 | EO15: 0.51623472 | EP15: 0.52745139 | EQ15: 0.49161944 | ER15: 0.51658889 | ES15: 0.45830694 | ET15: 0.41084861 | EU15: 0.37835 | EV15: 0.35582361 | EW15: 0.33915278 | EX15: 0.32935833 | EY15: 0.32232361 | EZ15: 0.33915556 | FA15: 0.36552361 | FB15: 0.39093889 | FC15: 0.41135278 | FD15: 0.4382375 | FE15: 0.493475 | FF15: 0.54768056 | FG15: 0.56214583 | FH15: 0.55084722 | FI15: 0.5309375 | FJ15: 0.52003194 | FK15: 0.52177778 | FL15: 0.55003472 | FM15: 0.5946125 | FN15: 0.60369722 | FO15: 0.56995278 | FP15: 0.43928472 | FQ15: 0.39970972 | FR15: 0.36119167 | FS15: 0.33345139 | FT15: 0.3143 | FU15: 0.30170556 | FV15: 0.29723056 | FW15: 0.29465556 | FX15: 0.30899444 | FY15: 0.33553194 | FZ15: 0.36050694 | GA15: 0.37643889 | GB15: 0.39478194 | GC15: 0.43601528 | GD15: 0.46910694 | GE15: 0.47083056 | GF15: 0.46171667 | GG15: 0.44794028 | GH15: 0.44361389 | GI15: 0.45368889 | GJ15: 0.49536389 | GK15: 0.54580139 | GL15: 0.52698472 | GM15: 0.48674167 | GN15: 0.35350556 | GO15: 0.30953472 | GP15: 0.27081389 | GQ15: 0.24800694 | GR15: 0.23506944 | GS15: 0.22842917 | GT15: 0.23128194 | GU15: 0.24712778 | GV15: 0.27905694 | GW15: 0.30483472 | GX15: 0.32600139 | GY15: 0.33330972 | GZ15: 0.34250139 | HA15: 0.37308056 | HB15: 0.38387639 | HC15: 0.36951389 | HD15: 0.36195417 | HE15: 0.35191806 | HF15: 0.35404722 | HG15: 0.37836667 | HH15: 0.44965278 | HI15: 0.48445139 | HJ15: 0.45319722 | HK15: 0.408375 | HL15: 0.31613472 | HM15: 0.26569583 | HN15: 0.22498472 | HO15: 0.2036375 | HP15: 0.19301389 | HQ15: 0.1897375 | HR15: 0.19725972 | HS15: 0.22679167 | HT15: 0.27853056 | HU15: 0.3033125 | HV15: 0.31753056 | HW15: 0.31434722 | HX15: 0.31351667 | HY15: 0.33664167 | HZ15: 0.34114028 | IA15: 0.32265833 | IB15: 0.31790139 | IC15: 0.30968194 | ID15: 0.32306806 | IE15: 0.37277917 | IF15: 0.44354444 | IG15: 0.4599 | IH15: 0.42604861 | II15: 0.37607222 | IJ15: 0.35600139 | IK15: 0.28453889 | IL15: 0.23640972 | IM15: 0.21054028 | IN15: 0.19855417 | IO15: 0.19504583 | IP15: 0.20523472 | IQ15: 0.24367083 | IR15: 0.30974861 | IS15: 0.34494861 | IT15: 0.36959722 | IU15: 0.37362222 | IV15: 0.37822778 | IW15: 0.41201806 | IX15: 0.42265417 | IY15: 0.41064861 | IZ15: 0.4149375 | JA15: 0.42328472 | JB15: 0.45144444 | JC15: 0.4779125 | JD15: 0.53258611 | JE15: 0.5485625 | JF15: 0.505725 | JG15: 0.43734861 | JH15: 0.41485417 | JI15: 0.33385278 | JJ15: 0.27483889 | JK15: 0.23916944 | JL15: 0.22161389 | JM15: 0.2158 | JN15: 0.22735139 | JO15: 0.27108056 | JP15: 0.34652083 | JQ15: 0.39051944 | JR15: 0.41663056 | JS15: 0.4186875 | JT15: 0.41650278 | JU15: 0.443975 | JV15: 0.45440139 | JW15: 0.44474583 | JX15: 0.46089444 | JY15: 0.48412222 | JZ15: 0.51777361 | KA15: 0.53983472 | KB15: 0.58733611 | KC15: 0.60161667 | KD15: 0.56141389 | KE15: 0.49828194
A16: SAB | B16: 0.48213333 | C16: 0.36919583 | D16: 0.29744167 | E16: 0.25870417 | F16: 0.24085417 | G16: 0.2368125 | H16: 0.2503875 | I16: 0.29877083 | J16: 0.3958375 | K16: 0.45869167 | L16: 0.49029583 | M16: 0.48525833 | N16: 0.47534167 | O16: 0.5043375 | P16: 0.53779583 | Q16: 0.54627917 | R16: 0.55427083 | S16: 0.56277917 | T16: 0.60737917 | U16: 0.650975 | V16: 0.72251667 | W16: 0.73377083 | X16: 0.6608625 | Y16: 0.57681667 | AA16: 0.44179583 | AB16: 0.34187917 | AC16: 0.2769375 | AD16: 0.24275 | AE16: 0.22784583 | AF16: 0.22492917 | AG16: 0.23983333 | AH16: 0.2924125 | AI16: 0.38238333 | AJ16: 0.42909583 | AK16: 0.45177083 | AL16: 0.44140417 | AM16: 0.4289375 | AN16: 0.4603 | AO16: 0.4984625 | AP16: 0.5113625 | AQ16: 0.5181875 | AR16: 0.5147 | AS16: 0.54790417 | AT16: 0.60203333 | AU16: 0.6702 | AV16: 0.6805375 | AW16: 0.60439583 | AX16: 0.52524167 | AZ16: 0.43926667 | BA16: 0.33453333 | BB16: 0.27275417 | BC16: 0.24245 | BD16: 0.22915833 | BE16: 0.22638333 | BF16: 0.2413125 | BG16: 0.291325 | BH16: 0.37711667 | BI16: 0.42730417 | BJ16: 0.45002083 | BK16: 0.44432917 | BL16: 0.4374375 | BM16: 0.4714125 | BN16: 0.49831667 | BO16: 0.50070417 | BP16: 0.5040375 | BQ16: 0.49278333 | BR16: 0.51334167 | BS16: 0.58068333 | BT16: 0.66540417 | BU16: 0.675825 | BV16: 0.60191667 | BW16: 0.52267917 | BX16: 0.38935 | BY16: 0.308525 | BZ16: 0.2519 | CA16: 0.22290833 | CB16: 0.21039167 | CC16: 0.20625 | CD16: 0.21590833 | CE16: 0.249925 | CF16: 0.31823333 | CG16: 0.36479167 | CH16: 0.38635 | CI16: 0.378425 | CJ16: 0.369425 | CK16: 0.39200833 | CL16: 0.41529167 | CM16: 0.41255833 | CN16: 0.40830833 | CO16: 0.38560833 | CP16: 0.38191667 | CQ16: 0.40818333 | CR16: 0.497575 | CS16: 0.56901667 | CT16: 0.52225 | CU16: 0.4572 | CV16: 0.347775 | CW16: 0.29032917 | CX16: 0.24474167 | CY16: 0.220225 | CZ16: 0.20949583 | DA16: 0.2054625 | DB16: 0.21120417 | DC16: 0.23279167 | DD16: 0.28802917 | DE16: 0.326025 | DF16: 0.34315833 | DG16: 0.33762917 | DH16: 0.3347125 | DI16: 0.3602 | DJ16: 0.38284583 | DK16: 0.37715417 | DL16: 0.3681125 | DM16: 0.35072917 | DN16: 0.34597917 | DO16: 0.35908333 | DP16: 0.41605417 | DQ16: 0.47868333 | DR16: 0.45199583 | DS16: 0.40031667 | DT16: 0.40210833 | DU16: 0.36409167 | DV16: 0.3153875 | DW16: 0.2867875 | DX16: 0.27127917 | DY16: 0.26198333 | DZ16: 0.25900417 | EA16: 0.26354583 | EB16: 0.2975 | EC16: 0.33225833 | ED16: 0.35295833 | EE16: 0.35901667 | EF16: 0.36774167 | EG16: 0.40589167 | EH16: 0.44785 | EI16: 0.45197083 | EJ16: 0.43956667 | EK16: 0.42180833 | EL16: 0.41479167 | EM16: 0.4198625 | EN16: 0.45012917 | EO16: 0.49624583 | EP16: 0.49028333 | EQ16: 0.44910417 | ER16: 0.49504167 | ES16: 0.45301667 | ET16: 0.40446667 | EU16: 0.37144167 | EV16: 0.34956667 | EW16: 0.33301667 | EX16: 0.32409167 | EY16: 0.31734167 | EZ16: 0.336975 | FA16: 0.36758333 | FB16: 0.393475 | FC16: 0.410425 | FD16: 0.43500833 | FE16: 0.49339167 | FF16: 0.56143333 | FG16: 0.582025 | FH16: 0.57035 | FI16: 0.54865833 | FJ16: 0.53444167 | FK16: 0.5322 | FL16: 0.55344167 | FM16: 0.58779167 | FN16: 0.57981667 | FO16: 0.53948333 | FP16: 0.43190417 | FQ16: 0.40632083 | FR16: 0.36572917 | FS16: 0.33708333 | FT16: 0.31755417 | FU16: 0.304475 | FV16: 0.29961667 | FW16: 0.29655 | FX16: 0.31238333 | FY16: 0.34099583 | FZ16: 0.36456667 | GA16: 0.3761125 | GB16: 0.39006667 | GC16: 0.43177917 | GD16: 0.47734167 | GE16: 0.48712083 | GF16: 0.4775375 | GG16: 0.46309167 | GH16: 0.45793333 | GI16: 0.46532917 | GJ16: 0.50275417 | GK16: 0.54771667 | GL16: 0.51926667 | GM16: 0.47635417 | GN16: 0.3481125 | GO16: 0.319925 | GP16: 0.2798875 | GQ16: 0.25660833 | GR16: 0.2428625 | GS16: 0.23555417 | GT16: 0.2377125 | GU16: 0.25076667 | GV16: 0.28262917 | GW16: 0.3133125 | GX16: 0.333825 | GY16: 0.33454167 | GZ16: 0.33598333 | HA16: 0.36366667 | HB16: 0.39252917 | HC16: 0.3886 | HD16: 0.38080833 | HE16: 0.369 | HF16: 0.36974167 | HG16: 0.39105833 | HH16: 0.45439583 | HI16: 0.47870417 | HJ16: 0.43207917 | HK16: 0.39014583 | HL16: 0.31544167 | HM16: 0.26605 | HN16: 0.22435833 | HO16: 0.20339167 | HP16: 0.19388333 | HQ16: 0.19054167 | HR16: 0.19814167 | HS16: 0.22684167 | HT16: 0.280325 | HU16: 0.31189167 | HV16: 0.32470833 | HW16: 0.31464167 | HX16: 0.30610833 | HY16: 0.32748333 | HZ16: 0.35046667 | IA16: 0.34255 | IB16: 0.33778333 | IC16: 0.32511667 | ID16: 0.33421667 | IE16: 0.38296667 | IF16: 0.44980833 | IG16: 0.45510833 | IH16: 0.4055 | II16: 0.36055 | IJ16: 0.36205 | IK16: 0.28217917 | IL16: 0.23364167 | IM16: 0.20872917 | IN16: 0.19732083 | IO16: 0.19415 | IP16: 0.20380833 | IQ16: 0.240125 | IR16: 0.31002917 | IS16: 0.359975 | IT16: 0.3894625 | IU16: 0.38854583 | IV16: 0.38770417 | IW16: 0.42347083 | IX16: 0.45885833 | IY16: 0.46142917 | IZ16: 0.46350833 | JA16: 0.46144167 | JB16: 0.47940417 | JC16: 0.5011 | JD16: 0.55116667 | JE16: 0.55285417 | JF16: 0.488975 | JG16: 0.4264375 | JH16: 0.42533333 | JI16: 0.33350833 | JJ16: 0.27239167 | JK16: 0.237575 | JL16: 0.22120833 | JM16: 0.215925 | JN16: 0.22740833 | JO16: 0.268075 | JP16: 0.34355833 | JQ16: 0.40121667 | JR16: 0.42738333 | JS16: 0.42135 | JT16: 0.40988333 | JU16: 0.43420833 | JV16: 0.46576667 | JW16: 0.47835 | JX16: 0.50083333 | JY16: 0.52165 | JZ16: 0.55823333 | KA16: 0.58326667 | KB16: 0.62424167 | KC16: 0.60953333 | KD16: 0.54165 | KE16: 0.48565
A17: DOM | B17: 0.4530875 | C17: 0.39909583 | D17: 0.32979167 | E17: 0.28105 | F17: 0.2541625 | G17: 0.24176667 | H17: 0.24801667 | I17: 0.2727875 | J17: 0.3196625 | K17: 0.39294167 | L17: 0.47075833 | M17: 0.52031667 | N17: 0.54654167 | O17: 0.597975 | P17: 0.56697083 | Q17: 0.51121667 | R17: 0.5240875 | S17: 0.54173333 | T17: 0.58831667 | U17: 0.6206875 | V17: 0.66627917 | W17: 0.68490417 | X17: 0.6393875 | Y17: 0.5554 | AA17: 0.4168125 | AB17: 0.36352917 | AC17: 0.297175 | AD17: 0.25599167 | AE17: 0.235025 | AF17: 0.22532917 | AG17: 0.23275833 | AH17: 0.26019583 | AI17: 0.31352917 | AJ17: 0.395025 | AK17: 0.47168333 | AL17: 0.509 | AM17: 0.52341667 | AN17: 0.56297083 | AO17: 0.51608333 | AP17: 0.4642 | AQ17: 0.47210833 | AR17: 0.47735833 | AS17: 0.51679583 | AT17: 0.575325 | AU17: 0.63463333 | AV17: 0.65305 | AW17: 0.60642917 | AX17: 0.52018333 | AZ17: 0.42563333 | BA17: 0.36143333 | BB17: 0.295 | BC17: 0.19861667 | BD17: 0.24243333 | BE17: 0.23269583 | BF17: 0.23819167 | BG17: 0.2610625 | BH17: 0.30798333 | BI17: 0.38528333 | BJ17: 0.46254167 | BK17: 0.50354583 | BL17: 0.52430417 | BM17: 0.567675 | BN17: 0.5259125 | BO17: 0.47605417 | BP17: 0.478225 | BQ17: 0.47364583 | BR17: 0.49178333 | BS17: 0.55455 | BT17: 0.62992083 | BU17: 0.66350833 | BV17: 0.61890417 | BW17: 0.53210833 | BX17: 0.3856625 | BY17: 0.32092917 | BZ17: 0.26431667 | CA17: 0.2319 | CB17: 0.21513333 | CC17: 0.20874583 | CD17: 0.2130375 | CE17: 0.2304125 | CF17: 0.27189583 | CG17: 0.34332917 | CH17: 0.41677083 | CI17: 0.45599167 | CJ17: 0.47455833 | CK17: 0.50260833 | CL17: 0.43965417 | CM17: 0.37332083 | CN17: 0.3661625 | CO17: 0.35543333 | CP17: 0.35586667 | CQ17: 0.382375 | CR17: 0.46382917 | CS17: 0.54537083 | CT17: 0.52852917 | CU17: 0.46854167 | CV17: 0.34843333 | CW17: 0.2992 | CX17: 0.25454167 | CY17: 0.22709167 | CZ17: 0.21308333 | DA17: 0.207175 | DB17: 0.20855833 | DC17: 0.21589167 | DD17: 0.249525 | DE17: 0.30796667 | DF17: 0.35968333 | DG17: 0.3824 | DH17: 0.395325 | DI17: 0.42403333 | DJ17: 0.38699167 | DK17: 0.34136667 | DL17: 0.33691667 | DM17: 0.3268 | DN17: 0.32718333 | DO17: 0.343825 | DP17: 0.394575 | DQ17: 0.46334167 | DR17: 0.46248333 | DS17: 0.41415 | DT17: 0.43065833 | DU17: 0.35100833 | DV17: 0.31080833 | DW17: 0.28363333 | DX17: 0.26770833 | DY17: 0.257775 | DZ17: 0.25375833 | EA17: 0.254525 | EB17: 0.2775 | EC17: 0.31906667 | ED17: 0.35738333 | EE17: 0.37945 | EF17: 0.39859167 | EG17: 0.43509167 | EH17: 0.43575833 | EI17: 0.41629167 | EJ17: 0.40840833 | EK17: 0.40120833 | EL17: 0.40455833 | EM17: 0.41855833 | EN17: 0.44920833 | EO17: 0.49765833 | EP17: 0.51675833 | EQ17: 0.48665 | ER17: 0.524175 | ES17: 0.4545 | ET17: 0.41606667 | EU17: 0.38599167 | EV17: 0.36268333 | EW17: 0.34578333 | EX17: 0.335 | EY17: 0.32465833 | EZ17: 0.33380833 | FA17: 0.36419167 | FB17: 0.40165833 | FC17: 0.43360833 | FD17: 0.4654 | FE17: 0.51434167 | FF17: 0.53480833 | FG17: 0.5347 | FH17: 0.52991667 | FI17: 0.518075 | FJ17: 0.51514167 | FK17: 0.52136667 | FL17: 0.5449 | FM17: 0.58256667 | FN17: 0.5984 | FO17: 0.572325 | FP17: 0.42458333 | FQ17: 0.382625 | FR17: 0.34959167 | FS17: 0.32380833 | FT17: 0.30518333 | FU17: 0.293325 | FV17: 0.289025 | FW17: 0.28524167 | FX17: 0.29500833 | FY17: 0.32623333 | FZ17: 0.36076667 | GA17: 0.38666667 | GB17: 0.41085833 | GC17: 0.44550833 | GD17: 0.44458333 | GE17: 0.42830833 | GF17: 0.42383333 | GG17: 0.415975 | GH17: 0.41709167 | GI17: 0.43225833 | GJ17: 0.46984167 | GK17: 0.51589167 | GL17: 0.50145 | GM17: 0.46529167 | GN17: 0.35150833 | GO17: 0.30967083 | GP17: 0.27449583 | GQ17: 0.25082083 | GR17: 0.23670833 | GS17: 0.22886667 | GT17: 0.22917083 | GU17: 0.23478333 | GV17: 0.25285417 | GW17: 0.29680833 | GX17: 0.34306667 | GY17: 0.37025417 | GZ17: 0.39160417 | HA17: 0.428225 | HB17: 0.4017875 | HC17: 0.36307083 | HD17: 0.35735417 | HE17: 0.35029167 | HF17: 0.35282917 | HG17: 0.37394167 | HH17: 0.43277083 | HI17: 0.466875 | HJ17: 0.44493333 | HK17: 0.40340833 | HL17: 0.30870833 | HM17: 0.27389167 | HN17: 0.23385 | HO17: 0.20999167 | HP17: 0.19560833 | HQ17: 0.19121667 | HR17: 0.19574167 | HS17: 0.21178333 | HT17: 0.24560833 | HU17: 0.29851667 | HV17: 0.34261667 | HW17: 0.35806667 | HX17: 0.36650833 | HY17: 0.39405833 | HZ17: 0.361125 | IA17: 0.317175 | IB17: 0.31384167 | IC17: 0.31136667 | ID17: 0.32855 | IE17: 0.371525 | IF17: 0.42496667 | IG17: 0.44056667 | IH17: 0.41633333 | II17: 0.36813333 | IJ17: 0.344475 | IK17: 0.29549167 | IL17: 0.24773333 | IM17: 0.21795833 | IN17: 0.20263333 | IO17: 0.196575 | IP17: 0.201825 | IQ17: 0.2195 | IR17: 0.26105 | IS17: 0.32973333 | IT17: 0.393525 | IU17: 0.42570833 | IV17: 0.44524167 | IW17: 0.48581667 | IX17: 0.44786667 | IY17: 0.399375 | IZ17: 0.40371667 | JA17: 0.41844167 | JB17: 0.44976667 | JC17: 0.47019167 | JD17: 0.50865 | JE17: 0.52315 | JF17: 0.49 | JG17: 0.42378333 | JH17: 0.3990875 | JI17: 0.34794583 | JJ17: 0.29100417 | JK17: 0.2493125 | JL17: 0.22624167 | JM17: 0.216725 | JN17: 0.22184583 | JO17: 0.24525417 | JP17: 0.29424583 | JQ17: 0.36674583 | JR17: 0.4364375 | JS17: 0.4708875 | JT17: 0.48655 | JU17: 0.52017917 | JV17: 0.47994583 | JW17: 0.4224625 | JX17: 0.43586667 | JY17: 0.46932917 | JZ17: 0.5014875 | KA17: 0.5104625 | KB17: 0.54068333 | KC17: 0.56265833 | KD17: 0.5395875 | KE17: 0.48202917
A18: Giorno_feriale | B18: 0.47129167 | C18: 0.35379583 | D18: 0.28481667 | E18: 0.251525 | F18: 0.23739167 | G18: 0.23484167 | H18: 0.2548125 | I18: 0.3262125 | J18: 0.44697917 | K18: 0.46025417 | L18: 0.4529625 | M18: 0.4362125 | N18: 0.42885417 | O18: 0.46105417 | P18: 0.50132083 | Q18: 0.51860417 | R18: 0.52328333 | S18: 0.52959583 | T18: 0.57910833 | U18: 0.63101667 | V18: 0.71530833 | W18: 0.74403333 | X18: 0.69919583 | Y18: 0.59982083 | AA18: 0.4446375 | AB18: 0.33475833 | AC18: 0.26968333 | AD18: 0.2391875 | AE18: 0.2270875 | AF18: 0.22509167 | AG18: 0.24614167 | AH18: 0.32427917 | AI18: 0.43980417 | AJ18: 0.42579583 | AK18: 0.40545 | AL18: 0.38207917 | AM18: 0.37336667 | AN18: 0.4000125 | AO18: 0.43564167 | AP18: 0.44875 | AQ18: 0.45148333 | AR18: 0.45012083 | AS18: 0.4968375 | AT18: 0.5742875 | AU18: 0.6703 | AV18: 0.70384167 | AW18: 0.663475 | AX18: 0.56942083 | AZ18: 0.4363125 | BA18: 0.33115417 | BB18: 0.26843333 | BC18: 0.23867083 | BD18: 0.2266375 | BE18: 0.22490417 | BF18: 0.24505833 | BG18: 0.31747083 | BH18: 0.42328333 | BI18: 0.41217917 | BJ18: 0.39515 | BK18: 0.37456667 | BL18: 0.36903333 | BM18: 0.39744583 | BN18: 0.4329125 | BO18: 0.44260417 | BP18: 0.43749583 | BQ18: 0.4269 | BR18: 0.45299583 | BS18: 0.53331667 | BT18: 0.64923333 | BU18: 0.69435 | BV18: 0.65605833 | BW18: 0.56125417 | BX18: 0.39752083 | BY18: 0.30362083 | BZ18: 0.24651667 | CA18: 0.2192 | CB18: 0.20817917 | CC18: 0.20605417 | CD18: 0.22032917 | CE18: 0.274175 | CF18: 0.36392917 | CG18: 0.36532083 | CH18: 0.35207917 | CI18: 0.33244583 | CJ18: 0.32485417 | CK18: 0.34787083 | CL18: 0.374425 | CM18: 0.37586667 | CN18: 0.36601667 | CO18: 0.3448625 | CP18: 0.3445125 | CQ18: 0.3815375 | CR18: 0.498575 | CS18: 0.59571667 | CT18: 0.573175 | CU18: 0.50293333 | CV18: 0.363025 | CW18: 0.28334583 | CX18: 0.23630833 | CY18: 0.21367917 | CZ18: 0.204475 | DA18: 0.20200417 | DB18: 0.21067917 | DC18: 0.24429583 | DD18: 0.3113625 | DE18: 0.31463333 | DF18: 0.3053625 | DG18: 0.29154167 | DH18: 0.28926667 | DI18: 0.31127917 | DJ18: 0.33687083 | DK18: 0.33649583 | DL18: 0.3272875 | DM18: 0.31154167 | DN18: 0.309525 | DO18: 0.33234583 | DP18: 0.41272083 | DQ18: 0.5047875 | DR18: 0.5019 | DS18: 0.44792917 | DT18: 0.46789583 | DU18: 0.38583333 | DV18: 0.3329625 | DW18: 0.30315417 | DX18: 0.286425 | DY18: 0.2761375 | DZ18: 0.27310417 | EA18: 0.2815125 | EB18: 0.317825 | EC18: 0.336575 | ED18: 0.34245833 | EE18: 0.34656667 | EF18: 0.36235417 | EG18: 0.40885833 | EH18: 0.46447083 | EI18: 0.47579167 | EJ18: 0.46063333 | EK18: 0.44185 | EL18: 0.43274167 | EM18: 0.4386625 | EN18: 0.48584583 | EO18: 0.5548 | EP18: 0.5753125 | EQ18: 0.53910417 | ER18: 0.53055 | ES18: 0.46740417 | ET18: 0.4120125 | EU18: 0.37761667 | EV18: 0.35522083 | EW18: 0.33865833 | EX18: 0.32898333 | EY18: 0.32497083 | EZ18: 0.34668333 | FA18: 0.36479583 | FB18: 0.37768333 | FC18: 0.390025 | FD18: 0.41430417 | FE18: 0.47269167 | FF18: 0.5468 | FG18: 0.5697125 | FH18: 0.552275 | FI18: 0.52607917 | FJ18: 0.5105125 | FK18: 0.51176667 | FL18: 0.5517625 | FM18: 0.61347917 | FN18: 0.632875 | FO18: 0.59805 | FP18: 0.46136667 | FQ18: 0.41018333 | FR18: 0.36825417 | FS18: 0.3394625 | FT18: 0.3201625 | FU18: 0.30731667 | FV18: 0.30305 | FW18: 0.302175 | FX18: 0.31959167 | FY18: 0.33936667 | FZ18: 0.3561875 | GA18: 0.3665375 | GB18: 0.38342083 | GC18: 0.43075833 | GD18: 0.48539583 | GE18: 0.4970625 | GF18: 0.48377917 | GG18: 0.46475417 | GH18: 0.45581667 | GI18: 0.46347917 | GJ18: 0.51349583 | GK18: 0.57379583 | GL18: 0.5602375 | GM18: 0.51857917 | GN18: 0.36089583 | GO18: 0.29900833 | GP18: 0.25805833 | GQ18: 0.23659167 | GR18: 0.2256375 | GS18: 0.22086667 | GT18: 0.2269625 | GU18: 0.25583333 | GV18: 0.3016875 | GW18: 0.30438333 | GX18: 0.3011125 | GY18: 0.29513333 | GZ18: 0.29991667 | HA18: 0.32735 | HB18: 0.3573125 | HC18: 0.35687083 | HD18: 0.3477 | HE18: 0.3364625 | HF18: 0.33957083 | HG18: 0.3701 | HH18: 0.46179167 | HI18: 0.507775 | HJ18: 0.48257917 | HK18: 0.43157083 | HL18: 0.32425417 | HM18: 0.25714583 | HN18: 0.21674583 | HO18: 0.19752917 | HP18: 0.18955 | HQ18: 0.18745417 | HR18: 0.19789583 | HS18: 0.24175 | HT18: 0.30965833 | HU18: 0.29952917 | HV18: 0.28526667 | HW18: 0.27033333 | HX18: 0.26793333 | HY18: 0.28838333 | HZ18: 0.31182917 | IA18: 0.30825 | IB18: 0.30207917 | IC18: 0.2925625 | ID18: 0.3064375 | IE18: 0.36384583 | IF18: 0.45585833 | IG18: 0.484025 | IH18: 0.4563125 | II18: 0.39953333 | IJ18: 0.36147917 | IK18: 0.27594583 | IL18: 0.22785417 | IM18: 0.20493333 | IN18: 0.19570833 | IO18: 0.1944125 | IP18: 0.21007083 | IQ18: 0.2713875 | IR18: 0.35816667 | IS18: 0.3451375 | IT18: 0.32580417 | IU18: 0.3066125 | IV18: 0.3017375 | IW18: 0.32676667 | IX18: 0.3612375 | IY18: 0.37114167 | IZ18: 0.3775875 | JA18: 0.38997083 | JB18: 0.4251625 | JC18: 0.46244583 | JD18: 0.53794167 | JE18: 0.56968333 | JF18: 0.5382 | JG18: 0.461825 | JH18: 0.42014167 | JI18: 0.32010417 | JJ18: 0.26112083 | JK18: 0.23062083 | JL18: 0.21739167 | JM18: 0.21475 | JN18: 0.2328 | JO18: 0.2999125 | JP18: 0.40175833 | JQ18: 0.40359583 | JR18: 0.38607083 | JS18: 0.363825 | JT18: 0.353075 | JU18: 0.3775375 | JV18: 0.41749167 | JW18: 0.433425 | JX18: 0.44598333 | JY18: 0.4613875 | JZ18: 0.4936 | KA18: 0.525775 | KB18: 0.59708333 | KC18: 0.63265833 | KD18: 0.60300417 | KE18: 0.52716667
A19: 5 | B19: 0.5536881 | C19: 0.42313333 | D19: 0.33232381 | E19: 0.28238571 | F19: 0.25990238 | G19: 0.25306667 | H19: 0.26984286 | I19: 0.33266905 | J19: 0.45255714 | K19: 0.54012381 | L19: 0.58054762 | M19: 0.57895476 | N19: 0.5730619 | O19: 0.60587857 | P19: 0.62540476 | Q19: 0.62084762 | R19: 0.6167 | S19: 0.62562143 | T19: 0.69075952 | U19: 0.76158095 | V19: 0.84610238 | W19: 0.88302619 | X19: 0.81224048 | Y19: 0.69619286 | AA19: 0.49265238 | AB19: 0.38045952 | AC19: 0.30025476 | AD19: 0.2573 | AE19: 0.2388 | AF19: 0.2340881 | AG19: 0.25365238 | AH19: 0.32325476 | AI19: 0.44645238 | AJ19: 0.50474524 | AK19: 0.52594524 | AL19: 0.50785476 | AM19: 0.49037381 | AN19: 0.51101667 | AO19: 0.52182143 | AP19: 0.51801429 | AQ19: 0.51477857 | AR19: 0.51636667 | AS19: 0.56996429 | AT19: 0.6631619 | AU19: 0.76255714 | AV19: 0.8019381 | AW19: 0.73576905 | AX19: 0.62515 | AZ19: 0.48836429 | BA19: 0.37143333 | BB19: 0.29239286 | BC19: 0.23163571 | BD19: 0.23617381 | BE19: 0.23134286 | BF19: 0.24924286 | BG19: 0.31567619 | BH19: 0.43138095 | BI19: 0.48928095 | BJ19: 0.52043333 | BK19: 0.52007619 | BL19: 0.51885 | BM19: 0.55092143 | BN19: 0.56296905 | BO19: 0.55669524 | BP19: 0.54525238 | BQ19: 0.53515238 | BR19: 0.56302619 | BS19: 0.63817143 | BT19: 0.74742619 | BU19: 0.7970619 | BV19: 0.73267143 | BW19: 0.62212143 | BX19: 0.41253095 | BY19: 0.32080714 | BZ19: 0.25575 | CA19: 0.22330952 | CB19: 0.20944286 | CC19: 0.20617143 | CD19: 0.22002619 | CE19: 0.27175 | CF19: 0.36547857 | CG19: 0.4226881 | CH19: 0.44625714 | CI19: 0.43800714 | CJ19: 0.42569524 | CK19: 0.43727143 | CL19: 0.43176667 | CM19: 0.41180714 | CN19: 0.39649762 | CO19: 0.38102143 | CP19: 0.38759524 | CQ19: 0.4225619 | CR19: 0.52081905 | CS19: 0.6243881 | CT19: 0.59187857 | CU19: 0.51293333 | CV19: 0.35148571 | CW19: 0.28497381 | CX19: 0.23627857 | CY19: 0.21059286 | CZ19: 0.1993 | DA19: 0.19652857 | DB19: 0.20736429 | DC19: 0.24407857 | DD19: 0.31154524 | DE19: 0.35240238 | DF19: 0.36837619 | DG19: 0.36390476 | DH19: 0.36027619 | DI19: 0.37673095 | DJ19: 0.3747 | DK19: 0.35721667 | DL19: 0.34338095 | DM19: 0.33224048 | DN19: 0.33560714 | DO19: 0.35582857 | DP19: 0.41769048 | DQ19: 0.50395 | DR19: 0.48782381 | DS19: 0.42683333 | DT19: 0.4517881 | DU19: 0.37777619 | DV19: 0.3277619 | DW19: 0.29754762 | DX19: 0.27985714 | DY19: 0.2698381 | DZ19: 0.27064286 | EA19: 0.28368333 | EB19: 0.31939524 | EC19: 0.35188095 | ED19: 0.36916905 | EE19: 0.37686667 | EF19: 0.3925619 | EG19: 0.43488571 | EH19: 0.47085238 | EI19: 0.47073571 | EJ19: 0.45406667 | EK19: 0.44350714 | EL19: 0.44624048 | EM19: 0.45723333 | EN19: 0.4929 | EO19: 0.55207381 | EP19: 0.56038571 | EQ19: 0.51679762 | ER19: 0.56775 | ES19: 0.50323571 | ET19: 0.45012619 | EU19: 0.41195 | EV19: 0.38414762 | EW19: 0.36399524 | EX19: 0.35284524 | EY19: 0.34914524 | EZ19: 0.36517381 | FA19: 0.38980714 | FB19: 0.41193095 | FC19: 0.43218095 | FD19: 0.46359762 | FE19: 0.52650476 | FF19: 0.59180238 | FG19: 0.61184762 | FH19: 0.59656667 | FI19: 0.57938333 | FJ19: 0.57350476 | FK19: 0.57731667 | FL19: 0.60423333 | FM19: 0.65371667 | FN19: 0.66340476 | FO19: 0.6262619 | FP19: 0.51795952 | FQ19: 0.46716667 | FR19: 0.42385476 | FS19: 0.39063095 | FT19: 0.36553095 | FU19: 0.34724048 | FV19: 0.33823571 | FW19: 0.33753095 | FX19: 0.35085238 | FY19: 0.37470952 | FZ19: 0.39734762 | GA19: 0.41565238 | GB19: 0.44117143 | GC19: 0.49274286 | GD19: 0.54085476 | GE19: 0.55500714 | GF19: 0.54499048 | GG19: 0.5333381 | GH19: 0.53183095 | GI19: 0.54020238 | GJ19: 0.57478333 | GK19: 0.62897619 | GL19: 0.61392143 | GM19: 0.56935 | GN19: 0.4186 | GO19: 0.3729 | GP19: 0.33003095 | GQ19: 0.30245 | GR19: 0.2845881 | GS19: 0.27325952 | GT19: 0.27289524 | GU19: 0.28959286 | GV19: 0.32305476 | GW19: 0.34609524 | GX19: 0.36314762 | GY19: 0.37127619 | GZ19: 0.38503095 | HA19: 0.4233119 | HB19: 0.45125714 | HC19: 0.45165238 | HD19: 0.44095476 | HE19: 0.43421905 | HF19: 0.4396 | HG19: 0.45549286 | HH19: 0.51231667 | HI19: 0.55854524 | HJ19: 0.52479286 | HK19: 0.47630714 | HL19: 0.31156905 | HM19: 0.26161667 | HN19: 0.22182143 | HO19: 0.20065952 | HP19: 0.19046667 | HQ19: 0.18834286 | HR19: 0.1983 | HS19: 0.23468095 | HT19: 0.3008119 | HU19: 0.33302857 | HV19: 0.34344286 | HW19: 0.33524524 | HX19: 0.33005 | HY19: 0.3460881 | HZ19: 0.34318333 | IA19: 0.32655714 | IB19: 0.31700238 | IC19: 0.31433095 | ID19: 0.33256429 | IE19: 0.37699286 | IF19: 0.4498381 | IG19: 0.4707119 | IH19: 0.42665 | II19: 0.37219048 | IJ19: 0.34797381 | IK19: 0.27498095 | IL19: 0.22762619 | IM19: 0.20212857 | IN19: 0.19092381 | IO19: 0.18907857 | IP19: 0.20302619 | IQ19: 0.24906905 | IR19: 0.33208095 | IS19: 0.37649048 | IT19: 0.39566905 | IU19: 0.39077381 | IV19: 0.38818095 | IW19: 0.41207143 | IX19: 0.41621429 | IY19: 0.40671667 | IZ19: 0.40473333 | JA19: 0.41605952 | JB19: 0.45528095 | JC19: 0.48784048 | JD19: 0.54147381 | JE19: 0.55936905 | JF19: 0.50712381 | JG19: 0.43244524 | JH19: 0.42637143 | JI19: 0.33623333 | JJ19: 0.27350714 | JK19: 0.2365881 | JL19: 0.21889048 | JM19: 0.21403333 | JN19: 0.22977857 | JO19: 0.2842619 | JP19: 0.38442619 | JQ19: 0.44820714 | JR19: 0.47172619 | JS19: 0.46100476 | JT19: 0.44825476 | JU19: 0.46641905 | JV19: 0.4728119 | JW19: 0.46850714 | JX19: 0.47596667 | JY19: 0.49956905 | JZ19: 0.55041905 | KA19: 0.58567143 | KB19: 0.6393881 | KC19: 0.65917857 | KD19: 0.60465 | KE19: 0.52379762
A20: SAB | B20: 0.57862857 | C20: 0.42586429 | D20: 0.33154286 | E20: 0.28015 | F20: 0.25893571 | G20: 0.25328571 | H20: 0.27120714 | I20: 0.33148571 | J20: 0.45971429 | K20: 0.56745714 | L20: 0.60609286 | M20: 0.58972857 | N20: 0.56770714 | O20: 0.59797143 | P20: 0.64432143 | Q20: 0.65477857 | R20: 0.64754286 | S20: 0.65340714 | T20: 0.72269286 | U20: 0.79477857 | V20: 0.87399286 | W20: 0.89867143 | X20: 0.8121 | Y20: 0.70305 | AA20: 0.501 | AB20: 0.37529286 | AC20: 0.29450714 | AD20: 0.25345714 | AE20: 0.23660714 | AF20: 0.23235714 | AG20: 0.25242857 | AH20: 0.31722143 | AI20: 0.44238571 | AJ20: 0.5196 | AK20: 0.53862143 | AL20: 0.50880714 | AM20: 0.47657857 | AN20: 0.49596429 | AO20: 0.53018571 | AP20: 0.5358 | AQ20: 0.53573571 | AR20: 0.53953571 | AS20: 0.59293571 | AT20: 0.67708571 | AU20: 0.76002143 | AV20: 0.77992857 | AW20: 0.6984 | AX20: 0.60313571 | AZ20: 0.49513571 | BA20: 0.36146429 | BB20: 0.28391429 | BC20: 0.24732857 | BD20: 0.23102857 | BE20: 0.22844286 | BF20: 0.24742143 | BG20: 0.31047143 | BH20: 0.43316429 | BI20: 0.51137857 | BJ20: 0.54286429 | BK20: 0.53213571 | BL20: 0.51814286 | BM20: 0.55393571 | BN20: 0.59328571 | BO20: 0.59856429 | BP20: 0.58875 | BQ20: 0.57750714 | BR20: 0.60500714 | BS20: 0.67415714 | BT20: 0.76572143 | BU20: 0.78535 | BV20: 0.69882143 | BW20: 0.60207857 | BX20: 0.41152857 | BY20: 0.31851429 | BZ20: 0.25417143 | CA20: 0.22327143 | CB20: 0.21015714 | CC20: 0.20638571 | CD20: 0.21984286 | CE20: 0.26777143 | CF20: 0.36388571 | CG20: 0.43378571 | CH20: 0.4564 | CI20: 0.43925714 | CJ20: 0.41847143 | CK20: 0.43365714 | CL20: 0.45408571 | CM20: 0.44681429 | CN20: 0.43021429 | CO20: 0.41272857 | CP20: 0.41858571 | CQ20: 0.44925714 | CR20: 0.53667143 | CS20: 0.6209 | CT20: 0.56871429 | CU20: 0.49317143 | CV20: 0.34054286 | CW20: 0.28557143 | CX20: 0.23575 | CY20: 0.21026429 | CZ20: 0.19928571 | DA20: 0.19679286 | DB20: 0.20750714 | DC20: 0.24234286 | DD20: 0.31319286 | DE20: 0.36552143 | DF20: 0.38201429 | DG20: 0.37092857 | DH20: 0.3591 | DI20: 0.37648571 | DJ20: 0.39250714 | DK20: 0.38055 | DL20: 0.36618571 | DM20: 0.35341429 | DN20: 0.35430714 | DO20: 0.37129286 | DP20: 0.42300714 | DQ20: 0.49227857 | DR20: 0.45858571 | DS20: 0.39992143 | DT20: 0.42253571 | DU20: 0.37384286 | DV20: 0.32212143 | DW20: 0.2922 | DX20: 0.27522143 | DY20: 0.26585 | DZ20: 0.26748571 | EA20: 0.27977143 | EB20: 0.31827143 | EC20: 0.35600714 | ED20: 0.37534286 | EE20: 0.37894286 | EF20: 0.39129286 | EG20: 0.43661429 | EH20: 0.4835 | EI20: 0.48528571 | EJ20: 0.46612857 | EK20: 0.45471429 | EL20: 0.45614286 | EM20: 0.46165714 | EN20: 0.49050714 | EO20: 0.53332143 | EP20: 0.5252 | EQ20: 0.4773 | ER20: 0.5279 | ES20: 0.50621429 | ET20: 0.45045714 | EU20: 0.41134286 | EV20: 0.38358571 | EW20: 0.36324286 | EX20: 0.35192857 | EY20: 0.34758571 | EZ20: 0.36588571 | FA20: 0.39432857 | FB20: 0.41747143 | FC20: 0.43364286 | FD20: 0.46055714 | FE20: 0.52582857 | FF20: 0.60082857 | FG20: 0.62604286 | FH20: 0.60961429 | FI20: 0.5915 | FJ20: 0.58401429 | FK20: 0.58345714 | FL20: 0.60305714 | FM20: 0.63492857 | FN20: 0.6245 | FO20: 0.5791 | FP20: 0.48899286 | FQ20: 0.46093571 | FR20: 0.41587857 | FS20: 0.38202857 | FT20: 0.35778571 | FU20: 0.34035714 | FV20: 0.33195 | FW20: 0.33125714 | FX20: 0.34913571 | FY20: 0.37487857 | FZ20: 0.39427857 | GA20: 0.40727143 | GB20: 0.42609286 | GC20: 0.47734286 | GD20: 0.53417143 | GE20: 0.55416429 | GF20: 0.54449286 | GG20: 0.53293571 | GH20: 0.53106429 | GI20: 0.53920714 | GJ20: 0.56887857 | GK20: 0.61205714 | GL20: 0.58494286 | GM20: 0.53714286 | GN20: 0.40677143 | GO20: 0.38882857 | GP20: 0.34368571 | GQ20: 0.31475714 | GR20: 0.29595714 | GS20: 0.28371429 | GT20: 0.28212857 | GU20: 0.29475714 | GV20: 0.32698571 | GW20: 0.35712857 | GX20: 0.37435714 | GY20: 0.37784286 | GZ20: 0.3863 | HA20: 0.42881429 | HB20: 0.47272143 | HC20: 0.4809 | HD20: 0.46827857 | HE20: 0.45947857 | HF20: 0.46116429 | HG20: 0.47225714 | HH20: 0.51804286 | HI20: 0.54616429 | HJ20: 0.49797857 | HK20: 0.45165714 | HL20: 0.30881429 | HM20: 0.26272857 | HN20: 0.22127143 | HO20: 0.20061429 | HP20: 0.19107143 | HQ20: 0.18902857 | HR20: 0.1987 | HS20: 0.2315 | HT20: 0.29907143 | HU20: 0.34482857 | HV20: 0.35685714 | HW20: 0.34231429 | HX20: 0.32832857 | HY20: 0.34375714 | HZ20: 0.35791429 | IA20: 0.34657143 | IB20: 0.33628571 | IC20: 0.33205714 | ID20: 0.34855714 | IE20: 0.38882857 | IF20: 0.45284286 | IG20: 0.45972857 | IH20: 0.40235714 | II20: 0.35341429 | IJ20: 0.34797857 | IK20: 0.27286429 | IL20: 0.22537857 | IM20: 0.20054286 | IN20: 0.1897 | IO20: 0.18803571 | IP20: 0.20052857 | IQ20: 0.24103571 | IR20: 0.3261 | IS20: 0.38745714 | IT20: 0.41122143 | IU20: 0.40344286 | IV20: 0.39462857 | IW20: 0.41925714 | IX20: 0.44201429 | IY20: 0.44035 | IZ20: 0.43725 | JA20: 0.44664286 | JB20: 0.48010714 | JC20: 0.50339286 | JD20: 0.54516429 | JE20: 0.54487143 | JF20: 0.47812143 | JG20: 0.41248571 | JH20: 0.42997143 | JI20: 0.33571429 | JJ20: 0.27107143 | JK20: 0.23474286 | JL20: 0.2181 | JM20: 0.21358571 | JN20: 0.22828571 | JO20: 0.27687143 | JP20: 0.37707143 | JQ20: 0.4611 | JR20: 0.48947143 | JS20: 0.47388571 | JT20: 0.45337143 | JU20: 0.47365714 | JV20: 0.5034 | JW20: 0.51821429 | JX20: 0.52731429 | JY20: 0.55192857 | JZ20: 0.6083 | KA20: 0.64415714 | KB20: 0.67838571 | KC20: 0.65708571 | KD20: 0.57058571 | KE20: 0.49945714
A21: DOM | B21: 0.52443571 | C21: 0.44449286 | D21: 0.35502857 | E21: 0.29806429 | F21: 0.2688 | G21: 0.25609286 | H21: 0.26272143 | I21: 0.29413571 | J21: 0.36187857 | K21: 0.47434286 | L21: 0.57350714 | M21: 0.62187143 | N21: 0.64913571 | O21: 0.68905714 | P21: 0.64915714 | Q21: 0.60101429 | R21: 0.60175714 | S21: 0.61930714 | T21: 0.67937857 | U21: 0.73764286 | V21: 0.79968571 | W21: 0.8318 | X21: 0.76734286 | Y21: 0.65878571 | AA21: 0.47167857 | AB21: 0.40122857 | AC21: 0.32032857 | AD21: 0.2694 | AE21: 0.24539286 | AF21: 0.23623571 | AG21: 0.24629286 | AH21: 0.28105 | AI21: 0.35923571 | AJ21: 0.46750714 | AK21: 0.55405714 | AL21: 0.57463571 | AM21: 0.5767 | AN21: 0.59670714 | AO21: 0.55251429 | AP21: 0.51511429 | AQ21: 0.51333571 | AR21: 0.51800714 | AS21: 0.57167857 | AT21: 0.66272143 | AU21: 0.74775 | AV21: 0.78584286 | AW21: 0.72382143 | AX21: 0.60914286 | AZ21: 0.47906429 | BA21: 0.3944 | BB21: 0.31256429 | BC21: 0.20283571 | BD21: 0.24705 | BE21: 0.23593571 | BF21: 0.24264286 | BG21: 0.27377143 | BH21: 0.34542143 | BI21: 0.45238571 | BJ21: 0.55307857 | BK21: 0.60235 | BL21: 0.63126429 | BM21: 0.66652857 | BN21: 0.61657857 | BO21: 0.57327143 | BP21: 0.56216429 | BQ21: 0.55715 | BR21: 0.58132143 | BS21: 0.64341429 | BT21: 0.73265714 | BU21: 0.78507143 | BV21: 0.72815 | BW21: 0.61615714 | BX21: 0.40754286 | BY21: 0.33306429 | BZ21: 0.26722143 | CA21: 0.23007857 | CB21: 0.21315714 | CC21: 0.20752857 | CD21: 0.21481429 | CE21: 0.24221429 | CF21: 0.30175 | CG21: 0.39353571 | CH21: 0.46857857 | CI21: 0.49430714 | CJ21: 0.49812857 | CK21: 0.50082857 | CL21: 0.43543571 | CM21: 0.3789 | CN21: 0.36731429 | CO21: 0.35975714 | CP21: 0.36734286 | CQ21: 0.40012143 | CR21: 0.48872143 | CS21: 0.59417143 | CT21: 0.57718571 | CU21: 0.50422143 | CV21: 0.3511 | CW21: 0.29087143 | CX21: 0.24497143 | CY21: 0.21661429 | CZ21: 0.2029 | DA21: 0.19782857 | DB21: 0.20351429 | DC21: 0.22211429 | DD21: 0.26514286 | DE21: 0.33447143 | DF21: 0.38898571 | DG21: 0.40912857 | DH21: 0.41905714 | DI21: 0.43297143 | DJ21: 0.38664286 | DK21: 0.34504286 | DL21: 0.33204286 | DM21: 0.32594286 | DN21: 0.33365714 | DO21: 0.35314286 | DP21: 0.40467143 | DQ21: 0.48792857 | DR21: 0.48371429 | DS21: 0.42548571 | DT21: 0.45257143 | DU21: 0.36448571 | DV21: 0.32325714 | DW21: 0.29447143 | DX21: 0.27655714 | DY21: 0.26584286 | DZ21: 0.26451429 | EA21: 0.27115714 | EB21: 0.29692857 | EC21: 0.34174286 | ED21: 0.37818571 | EE21: 0.39862857 | EF21: 0.41931429 | EG21: 0.45481429 | EH21: 0.45714286 | EI21: 0.44102857 | EJ21: 0.42871429 | EK21: 0.42421429 | EL21: 0.4353 | EM21: 0.45361429 | EN21: 0.48498571 | EO21: 0.53955714 | EP21: 0.55341429 | EQ21: 0.51521429 | ER21: 0.5758 | ES21: 0.48331429 | ET21: 0.44385714 | EU21: 0.41041429 | EV21: 0.383 | EW21: 0.36324286 | EX21: 0.35172857 | EY21: 0.34404286 | EZ21: 0.35185714 | FA21: 0.38188571 | FB21: 0.41747143 | FC21: 0.4491 | FD21: 0.4862 | FE21: 0.54075714 | FF21: 0.57078571 | FG21: 0.57307143 | FH21: 0.56484286 | FI21: 0.55707143 | FJ21: 0.55928571 | FK21: 0.56981429 | FL21: 0.5926 | FM21: 0.63745714 | FN21: 0.65398571 | FO21: 0.6264 | FP21: 0.52248571 | FQ21: 0.44842857 | FR21: 0.41477143 | FS21: 0.38644286 | FT21: 0.36218571 | FU21: 0.34392857 | FV21: 0.33458571 | FW21: 0.3314 | FX21: 0.33681429 | FY21: 0.36558571 | FZ21: 0.4 | GA21: 0.43047143 | GB21: 0.46352857 | GC21: 0.50692857 | GD21: 0.52094286 | GE21: 0.51951429 | GF21: 0.51728571 | GG21: 0.51412857 | GH21: 0.52264286 | GI21: 0.5367 | GJ21: 0.5674 | GK21: 0.61498571 | GL21: 0.60377143 | GM21: 0.56432857 | GN21: 0.42197857 | GO21: 0.36839286 | GP21: 0.33237143 | GQ21: 0.30567857 | GR21: 0.28692857 | GS21: 0.27412143 | GT21: 0.27150714 | GU21: 0.27794286 | GV21: 0.29480714 | GW21: 0.33405714 | GX21: 0.37660714 | GY21: 0.40387857 | GZ21: 0.42882143 | HA21: 0.46057857 | HB21: 0.44963571 | HC21: 0.43171429 | HD21: 0.42687857 | HE21: 0.4265 | HF21: 0.43911429 | HG21: 0.45432143 | HH21: 0.49963571 | HI21: 0.54345 | HJ21: 0.51927857 | HK21: 0.4753 | HL21: 0.30582857 | HM21: 0.2686 | HN21: 0.23085714 | HO21: 0.20658571 | HP21: 0.19301429 | HQ21: 0.18965714 | HR21: 0.19607143 | HS21: 0.21692857 | HT21: 0.26034286 | HU21: 0.31967143 | HV21: 0.36385714 | HW21: 0.37637143 | HX21: 0.38305714 | HY21: 0.39938571 | HZ21: 0.35687143 | IA21: 0.3195 | IB21: 0.31131429 | IC21: 0.314 | ID21: 0.3374 | IE21: 0.37852857 | IF21: 0.43677143 | IG21: 0.4561 | IH21: 0.42035714 | II21: 0.36648571 | IJ21: 0.33841429 | IK21: 0.28385714 | IL21: 0.23782857 | IM21: 0.20884286 | IN21: 0.19485714 | IO21: 0.19061429 | IP21: 0.19925714 | IQ21: 0.2232 | IR21: 0.2762 | IS21: 0.35554286 | IT21: 0.41947143 | IU21: 0.44154286 | IV21: 0.45457143 | IW21: 0.48057143 | IX21: 0.43805714 | IY21: 0.39871429 | IZ21: 0.39644286 | JA21: 0.41325714 | JB21: 0.45664286 | JC21: 0.48601429 | JD21: 0.52591429 | JE21: 0.54211429 | JF21: 0.49571429 | JG21: 0.422 | JH21: 0.41416429 | JI21: 0.3496 | JJ21: 0.29097143 | JK21: 0.24876429 | JL21: 0.22552857 | JM21: 0.21675714 | JN21: 0.22518571 | JO21: 0.25431429 | JP21: 0.31886429 | JQ21: 0.41529286 | JR21: 0.49015714 | JS21: 0.51367143 | JT21: 0.51935 | JU21: 0.53382143 | JV21: 0.48060714 | JW21: 0.43181429 | JX21: 0.44144286 | JY21: 0.47482143 | JZ21: 0.52527143 | KA21: 0.55004286 | KB21: 0.59192143 | KC21: 0.62275714 | KD21: 0.58652857 | KE21: 0.51061429
A22: Giorno_feriale | B22: 0.558 | C22: 0.39904286 | D22: 0.3104 | E22: 0.26894286 | F22: 0.25197143 | G22: 0.24982143 | H22: 0.2756 | I22: 0.37238571 | J22: 0.53607857 | K22: 0.57857143 | L22: 0.56204286 | M22: 0.52526429 | N22: 0.50234286 | O22: 0.53060714 | P22: 0.58273571 | Q22: 0.60675 | R22: 0.6008 | S22: 0.60415 | T22: 0.67020714 | U22: 0.75232143 | V22: 0.86462857 | W22: 0.91860714 | X22: 0.85727857 | Y22: 0.72674286 | AA22: 0.50527857 | AB22: 0.36485714 | AC22: 0.28592857 | AD22: 0.24904286 | AE22: 0.2344 | AF22: 0.23367143 | AG22: 0.26223571 | AH22: 0.37149286 | AI22: 0.53773571 | AJ22: 0.52712857 | AK22: 0.48515714 | AL22: 0.44012143 | AM22: 0.41784286 | AN22: 0.44037857 | AO22: 0.48276429 | AP22: 0.50312857 | AQ22: 0.49526429 | AR22: 0.49155714 | AS22: 0.54527857 | AT22: 0.64967857 | AU22: 0.7799 | AV22: 0.84004286 | AW22: 0.78508571 | AX22: 0.66317143 | AZ22: 0.49089286 | BA22: 0.35843571 | BB22: 0.2807 | BC22: 0.24474286 | BD22: 0.23044286 | BE22: 0.22965 | BF22: 0.25766429 | BG22: 0.36278571 | BH22: 0.51555714 | BI22: 0.50407857 | BJ22: 0.46535714 | BK22: 0.42574286 | BL22: 0.40714286 | BM22: 0.4323 | BN22: 0.47904286 | BO22: 0.49825 | BP22: 0.48484286 | BQ22: 0.4708 | BR22: 0.50275 | BS22: 0.59694286 | BT22: 0.7439 | BU22: 0.82076429 | BV22: 0.77104286 | BW22: 0.64812857 | BX22: 0.41852143 | BY22: 0.31084286 | BZ22: 0.24585714 | CA22: 0.21657857 | CB22: 0.20501429 | CC22: 0.2046 | CD22: 0.22542143 | CE22: 0.30526429 | CF22: 0.4308 | CG22: 0.44074286 | CH22: 0.41379286 | CI22: 0.38045714 | CJ22: 0.36048571 | CK22: 0.37732857 | CL22: 0.40577857 | CM22: 0.40970714 | CN22: 0.39196429 | CO22: 0.37057857 | CP22: 0.37685714 | CQ22: 0.41830714 | CR22: 0.53706429 | CS22: 0.65809286 | CT22: 0.62973571 | CU22: 0.54140714 | CV22: 0.36281429 | CW22: 0.27847857 | CX22: 0.22811429 | CY22: 0.2049 | CZ22: 0.19571429 | DA22: 0.19496429 | DB22: 0.21107143 | DC22: 0.26777857 | DD22: 0.3563 | DE22: 0.35721429 | DF22: 0.33412857 | DG22: 0.31165714 | DH22: 0.30267143 | DI22: 0.32073571 | DJ22: 0.34495 | DK22: 0.34605714 | DL22: 0.33191429 | DM22: 0.31736429 | DN22: 0.31885714 | DO22: 0.34305 | DP22: 0.42539286 | DQ22: 0.53164286 | DR22: 0.52117143 | DS22: 0.45509286 | DT22: 0.48025714 | DU22: 0.395 | DV22: 0.33790714 | DW22: 0.30597143 | DX22: 0.28779286 | DY22: 0.27782143 | DZ22: 0.27992857 | EA22: 0.30012143 | EB22: 0.34298571 | EC22: 0.35789286 | ED22: 0.35397857 | EE22: 0.35302857 | EF22: 0.36707857 | EG22: 0.41322857 | EH22: 0.47191429 | EI22: 0.48589286 | EJ22: 0.46735714 | EK22: 0.45159286 | EL22: 0.44727857 | EM22: 0.45642857 | EN22: 0.50320714 | EO22: 0.58334286 | EP22: 0.60254286 | EQ22: 0.55787857 | ER22: 0.59955 | ES22: 0.52017857 | ET22: 0.45606429 | EU22: 0.41409286 | EV22: 0.38585714 | EW22: 0.3655 | EX22: 0.35487857 | EY22: 0.35580714 | EZ22: 0.37777857 | FA22: 0.39320714 | FB22: 0.40085 | FC22: 0.4138 | FD22: 0.44403571 | FE22: 0.51292857 | FF22: 0.60379286 | FG22: 0.63642857 | FH22: 0.61524286 | FI22: 0.58957857 | FJ22: 0.57721429 | FK22: 0.57867857 | FL22: 0.61704286 | FM22: 0.68876429 | FN22: 0.71172857 | FO22: 0.67328571 | FP22: 0.5424 | FQ22: 0.49213571 | FR22: 0.44091429 | FS22: 0.40342143 | FT22: 0.37662143 | FU22: 0.35743571 | FV22: 0.34817143 | FW22: 0.34993571 | FX22: 0.36660714 | FY22: 0.38366429 | FZ22: 0.39776429 | GA22: 0.40921429 | GB22: 0.43389286 | GC22: 0.49395714 | GD22: 0.56745 | GE22: 0.59134286 | GF22: 0.57319286 | GG22: 0.55295 | GH22: 0.54178571 | GI22: 0.5447 | GJ22: 0.58807143 | GK22: 0.65988571 | GL22: 0.65305 | GM22: 0.60657857 | GN22: 0.42705 | GO22: 0.36147857 | GP22: 0.31403571 | GQ22: 0.28691429 | GR22: 0.27087857 | GS22: 0.26194286 | GT22: 0.26505 | GU22: 0.29607857 | GV22: 0.34737143 | GW22: 0.3471 | GX22: 0.33847857 | GY22: 0.33210714 | GZ22: 0.33997143 | HA22: 0.38054286 | HB22: 0.43141429 | HC22: 0.44234286 | HD22: 0.42770714 | HE22: 0.41667857 | HF22: 0.41852143 | HG22: 0.4399 | HH22: 0.51927143 | HI22: 0.58602143 | HJ22: 0.55712143 | HK22: 0.50196429 | HL22: 0.32006429 | HM22: 0.25352143 | HN22: 0.21333571 | HO22: 0.19477857 | HP22: 0.18731429 | HQ22: 0.18634286 | HR22: 0.20012857 | HS22: 0.25561429 | HT22: 0.34302143 | HU22: 0.33458571 | HV22: 0.30961429 | HW22: 0.28705 | HX22: 0.27876429 | HY22: 0.29512143 | HZ22: 0.31476429 | IA22: 0.3136 | IB22: 0.30340714 | IC22: 0.29693571 | ID22: 0.31173571 | IE22: 0.36362143 | IF22: 0.4599 | IG22: 0.49630714 | IH22: 0.45723571 | II22: 0.39667143 | IJ22: 0.35752857 | IK22: 0.26822143 | IL22: 0.21967143 | IM22: 0.197 | IN22: 0.18821429 | IO22: 0.18858571 | IP22: 0.20929286 | IQ22: 0.28297143 | IR22: 0.39394286 | IS22: 0.38647143 | IT22: 0.35631429 | IU22: 0.32733571 | IV22: 0.31534286 | IW22: 0.33638571 | IX22: 0.36857143 | IY22: 0.38108571 | IZ22: 0.38050714 | JA22: 0.38827857 | JB22: 0.42909286 | JC22: 0.47411429 | JD22: 0.55334286 | JE22: 0.59112143 | JF22: 0.54753571 | JG22: 0.46285 | JH22: 0.43497857 | JI22: 0.32338571 | JJ22: 0.25847857 | JK22: 0.22625714 | JL22: 0.21304286 | JM22: 0.21175714 | JN22: 0.23586429 | JO22: 0.3216 | JP22: 0.45734286 | JQ22: 0.46822857 | JR22: 0.43555 | JS22: 0.39545714 | JT22: 0.37204286 | JU22: 0.39177857 | JV22: 0.43442857 | JW22: 0.45549286 | JX22: 0.45914286 | JY22: 0.47195714 | JZ22: 0.51768571 | KA22: 0.56281429 | KB22: 0.64785714 | KC22: 0.69769286 | KD22: 0.65683571 | KE22: 0.56132143
A24: 1
A25: SAB | B25: =AVERAGE(B4,IJ4,JH4) -> 0.38203333 | C25: =AVERAGE(C4,IK4,JI4) -> 0.30984583 | D25: =AVERAGE(D4,IL4,JJ4) -> 0.26044167 | E25: =AVERAGE(E4,IM4,JK4) -> 0.23365972 | F25: =AVERAGE(F4,IN4,JL4) -> 0.22154583 | G25: =AVERAGE(G4,IO4,JM4) -> 0.219225 | H25: =AVERAGE(H4,IP4,JN4) -> 0.23372778 | I25: =AVERAGE(I4,IQ4,JO4) -> 0.27031528 | ... Y25: =AVERAGE(Y4,JG4,KE4) -> 0.45131667 | AA25: =AVERAGE(AA4, AZ4,BX4) -> 0.36230556 | AB25: =AVERAGE(AB4, BA4,BY4) -> 0.29119028 | AC25: =AVERAGE(AC4, BB4,BZ4) -> 0.24444028 | AD25: =AVERAGE(AD4, BC4,CA4) -> 0.22049028 | AE25: =AVERAGE(AE4, BD4,CB4) -> 0.20994861 | AF25: =AVERAGE(AF4, BE4,CC4) -> 0.20814306 | AG25: =AVERAGE(AG4, BF4,CD4) -> 0.22199028 | AH25: =AVERAGE(AH4, BG4,CE4) -> 0.25678194 | ... AX25: =AVERAGE(AX4, BW4,CU4) -> 0.43063889 | AZ25: =AVERAGE(CV4,DT4,ER4) -> 0.39108333 | BA25: =AVERAGE(CW4,DU4,ES4) -> 0.33446944 | BB25: =AVERAGE(CX4,DV4,ET4) -> 0.28838194 | BC25: =AVERAGE(CY4,DW4,EU4) -> 0.2617375 | BD25: =AVERAGE(CZ4,DX4,EV4) -> 0.24666667 | BE25: =AVERAGE(DA4,DY4,EW4) -> 0.23729028 | BF25: =AVERAGE(DB4,DZ4,EX4) -> 0.23536944 | BG25: =AVERAGE(DC4,EA4,EY4) -> 0.23830417 | ... BW25: =AVERAGE(DS4,EQ4,FO4) -> 0.44479028 | BY25: =AVERAGE(FP4,GN4,HL4) -> 0.32422083 | BZ25: =AVERAGE(FQ4,GO4,HM4) -> 0.2852875 | CA25: =AVERAGE(FR4,GP4,HN4) -> 0.247075 | CB25: =AVERAGE(FS4,GQ4,HO4) -> 0.22547778 | CC25: =AVERAGE(FT4,GR4,HP4) -> 0.21370833 | CD25: =AVERAGE(FU4,GS4,HQ4) -> 0.207525 | CE25: =AVERAGE(FV4,GT4,HR4) -> 0.21049444 | CF25: =AVERAGE(FW4,GU4,HS4) -> 0.22232917 | ... CV25: =AVERAGE(GM4,HK4,II4) -> 0.37204306
A26: DOM | B26: =AVERAGE(B5,IJ5,JH5) -> 0.36520278 | C26: =AVERAGE(C5,IK5,JI5) -> 0.32158333 | D26: =AVERAGE(D5,IL5,JJ5) -> 0.27173333 | E26: =AVERAGE(E5,IM5,JK5) -> 0.24030278 | F26: =AVERAGE(F5,IN5,JL5) -> 0.22460417 | G26: =AVERAGE(G5,IO5,JM5) -> 0.21901806 | H26: =AVERAGE(H5,IP5,JN5) -> 0.22859306 | I26: =AVERAGE(I5,IQ5,JO5) -> 0.25213889 | ... Y26: =AVERAGE(Y5,JG5,KE5) -> 0.45255 | AA26: =AVERAGE(AA5, AZ5,BX5) -> 0.35062361 | AB26: =AVERAGE(AB5, BA5,BY5) -> 0.30312222 | AC26: =AVERAGE(AC5, BB5,BZ5) -> 0.25506806 | AD26: =AVERAGE(AD5, BC5,CA5) -> 0.20965278 | AE26: =AVERAGE(AE5, BD5,CB5) -> 0.21549722 | AF26: =AVERAGE(AF5, BE5,CC5) -> 0.21088056 | AG26: =AVERAGE(AG5, BF5,CD5) -> 0.21977639 | AH26: =AVERAGE(AH5, BG5,CE5) -> 0.24154583 | ... AX26: =AVERAGE(AX5, BW5,CU5) -> 0.44051944 | AZ26: =AVERAGE(CV5,DT5,ER5) -> 0.41155833 | BA26: =AVERAGE(CW5,DU5,ES5) -> 0.337625 | BB26: =AVERAGE(CX5,DV5,ET5) -> 0.29356111 | BC26: =AVERAGE(CY5,DW5,EU5) -> 0.26559444 | BD26: =AVERAGE(CZ5,DX5,EV5) -> 0.24938889 | BE26: =AVERAGE(DA5,DY5,EW5) -> 0.23936667 | BF26: =AVERAGE(DB5,DZ5,EX5) -> 0.23613056 | BG26: =AVERAGE(DC5,EA5,EY5) -> 0.23400833 | ... BW26: =AVERAGE(DS5,EQ5,FO5) -> 0.484675 | BY26: =AVERAGE(FP5,GN5,HL5) -> 0.31953889 | BZ26: =AVERAGE(FQ5,GO5,HM5) -> 0.28107639 | CA26: =AVERAGE(FR5,GP5,HN5) -> 0.24390278 | CB26: =AVERAGE(FS5,GQ5,HO5) -> 0.22149167 | CC26: =AVERAGE(FT5,GR5,HP5) -> 0.20874861 | CD26: =AVERAGE(FU5,GS5,HQ5) -> 0.20241528 | CE26: =AVERAGE(FV5,GT5,HR5) -> 0.20444167 | CF26: =AVERAGE(FW5,GU5,HS5) -> 0.21115278 | ... CV26: =AVERAGE(GM5,HK5,II5) -> 0.37933889
A27: Giorno_feriale | B27: =AVERAGE(B6,IJ6,JH6) -> 0.37773056 | C27: =AVERAGE(C6,IK6,JI6) -> 0.29552083 | D27: =AVERAGE(D6,IL6,JJ6) -> 0.24852917 | E27: =AVERAGE(E6,IM6,JK6) -> 0.22605139 | F27: =AVERAGE(F6,IN6,JL6) -> 0.21721111 | G27: =AVERAGE(G6,IO6,JM6) -> 0.21780972 | H27: =AVERAGE(H6,IP6,JN6) -> 0.24031806 | I27: =AVERAGE(I6,IQ6,JO6) -> 0.3131 | ... Y27: =AVERAGE(Y6,JG6,KE6) -> 0.47807917 | AA27: =AVERAGE(AA6, AZ6,BX6) -> 0.35898472 | AB27: =AVERAGE(AB6, BA6,BY6) -> 0.28062222 | AC27: =AVERAGE(AC6, BB6,BZ6) -> 0.23537083 | AD27: =AVERAGE(AD6, BC6,CA6) -> 0.21491944 | AE27: =AVERAGE(AE6, BD6,CB6) -> 0.20694306 | AF27: =AVERAGE(AF6, BE6,CC6) -> 0.20771806 | AG27: =AVERAGE(AG6, BF6,CD6) -> 0.22904583 | AH27: =AVERAGE(AH6, BG6,CE6) -> 0.29999306 | ... AX27: =AVERAGE(AX6, BW6,CU6) -> 0.46001944 | AZ27: =AVERAGE(CV6,DT6,ER6) -> 0.41216944 | BA27: =AVERAGE(CW6,DU6,ES6) -> 0.33856667 | BB27: =AVERAGE(CX6,DV6,ET6) -> 0.28977778 | BC27: =AVERAGE(CY6,DW6,EU6) -> 0.26432083 | BD27: =AVERAGE(CZ6,DX6,EV6) -> 0.25016667 | BE27: =AVERAGE(DA6,DY6,EW6) -> 0.24144722 | BF27: =AVERAGE(DB6,DZ6,EX6) -> 0.24150139 | BG27: =AVERAGE(DC6,EA6,EY6) -> 0.255575 | ... BW27: =AVERAGE(DS6,EQ6,FO6) -> 0.49818333 | BY27: =AVERAGE(FP6,GN6,HL6) -> 0.33959028 | BZ27: =AVERAGE(FQ6,GO6,HM6) -> 0.27912917 | CA27: =AVERAGE(FR6,GP6,HN6) -> 0.24049167 | CB27: =AVERAGE(FS6,GQ6,HO6) -> 0.22071667 | CC27: =AVERAGE(FT6,GR6,HP6) -> 0.21046944 | CD27: =AVERAGE(FU6,GS6,HQ6) -> 0.20544861 | CE27: =AVERAGE(FV6,GT6,HR6) -> 0.21168472 | CF27: =AVERAGE(FW6,GU6,HS6) -> 0.24168333 | ... CV27: =AVERAGE(GM6,HK6,II6) -> 0.41280556
A28: 2 | AA28: =AVERAGE(AA7, AZ7,BX7) -> 0.38051693 | AB28: =AVERAGE(AB7, BA7,BY7) -> 0.31699312 | AC28: =AVERAGE(AC7, BB7,BZ7) -> 0.2714455 | AD28: =AVERAGE(AD7, BC7,CA7) -> 0.24195344 | AE28: =AVERAGE(AE7, BD7,CB7) -> 0.23843016 | AF28: =AVERAGE(AF7, BE7,CC7) -> 0.23714074 | AG28: =AVERAGE(AG7, BF7,CD7) -> 0.25317725 | AH28: =AVERAGE(AH7, BG7,CE7) -> 0.29919841 | ... AX28: =AVERAGE(AX7, BW7,CU7) -> 0.46501111 | AZ28: =AVERAGE(CV7,DT7,ER7) -> 0.43388307 | BA28: =AVERAGE(CW7,DU7,ES7) -> 0.36553069 | BB28: =AVERAGE(CX7,DV7,ET7) -> 0.31965026 | BC28: =AVERAGE(CY7,DW7,EU7) -> 0.29257196 | BD28: =AVERAGE(CZ7,DX7,EV7) -> 0.27642222 | BE28: =AVERAGE(DA7,DY7,EW7) -> 0.26620317 | BF28: =AVERAGE(DB7,DZ7,EX7) -> 0.26170688 | BG28: =AVERAGE(DC7,EA7,EY7) -> 0.26188042 | ... BW28: =AVERAGE(DS7,EQ7,FO7) -> 0.5025127 | BY28: =AVERAGE(FP7,GN7,HL7) -> 0.34302222 | BZ28: =AVERAGE(FQ7,GO7,HM7) -> 0.29883016 | CA28: =AVERAGE(FR7,GP7,HN7) -> 0.26156243 | CB28: =AVERAGE(FS7,GQ7,HO7) -> 0.24039471 | CC28: =AVERAGE(FT7,GR7,HP7) -> 0.22862487 | CD28: =AVERAGE(FU7,GS7,HQ7) -> 0.22241534 | CE28: =AVERAGE(FV7,GT7,HR7) -> 0.22573915 | CF28: =AVERAGE(FW7,GU7,HS7) -> 0.24312169 | ... CV28: =AVERAGE(GM7,HK7,II7) -> 0.4005672
A29: SAB | B29: =AVERAGE(B8,IJ8,JH8) -> 0.40661429 | C29: =AVERAGE(C8,IK8,JI8) -> 0.33301746 | D29: =AVERAGE(D8,IL8,JJ8) -> 0.28448095 | E29: =AVERAGE(E8,IM8,JK8) -> 0.2580619 | F29: =AVERAGE(F8,IN8,JL8) -> 0.24684444 | G29: =AVERAGE(G8,IO8,JM8) -> 0.2452619 | H29: =AVERAGE(H8,IP8,JN8) -> 0.26132698 | I29: =AVERAGE(I8,IQ8,JO8) -> 0.30420952 | ... Y29: =AVERAGE(Y8,JG8,KE8) -> 0.47428095 | AA29: =AVERAGE(AA8, AZ8,BX8) -> 0.3873381 | AB29: =AVERAGE(AB8, BA8,BY8) -> 0.31530952 | AC29: =AVERAGE(AC8, BB8,BZ8) -> 0.27011429 | AD29: =AVERAGE(AD8, BC8,CA8) -> 0.24706825 | AE29: =AVERAGE(AE8, BD8,CB8) -> 0.2371254 | AF29: =AVERAGE(AF8, BE8,CC8) -> 0.23642381 | AG29: =AVERAGE(AG8, BF8,CD8) -> 0.25158571 | AH29: =AVERAGE(AH8, BG8,CE8) -> 0.29160794 | ... AX29: =AVERAGE(AX8, BW8,CU8) -> 0.45430159 | AZ29: =AVERAGE(CV8,DT8,ER8) -> 0.41969206 | BA29: =AVERAGE(CW8,DU8,ES8) -> 0.3622873 | BB29: =AVERAGE(CX8,DV8,ET8) -> 0.3171619 | BC29: =AVERAGE(CY8,DW8,EU8) -> 0.29021111 | BD29: =AVERAGE(CZ8,DX8,EV8) -> 0.27424444 | BE29: =AVERAGE(DA8,DY8,EW8) -> 0.2641 | BF29: =AVERAGE(DB8,DZ8,EX8) -> 0.25940476 | BG29: =AVERAGE(DC8,EA8,EY8) -> 0.2582254 | ... BW29: =AVERAGE(DS8,EQ8,FO8) -> 0.47096825 | BY29: =AVERAGE(FP8,GN8,HL8) -> 0.33856984 | BZ29: =AVERAGE(FQ8,GO8,HM8) -> 0.30289206 | CA29: =AVERAGE(FR8,GP8,HN8) -> 0.26547143 | CB29: =AVERAGE(FS8,GQ8,HO8) -> 0.24410159 | CC29: =AVERAGE(FT8,GR8,HP8) -> 0.2322746 | CD29: =AVERAGE(FU8,GS8,HQ8) -> 0.22566032 | CE29: =AVERAGE(FV8,GT8,HR8) -> 0.22821429 | CF29: =AVERAGE(FW8,GU8,HS8) -> 0.24158095 | ... CV29: =AVERAGE(GM8,HK8,II8) -> 0.38314286
A30: DOM | B30: =AVERAGE(B9,IJ9,JH9) -> 0.38777937 | C30: =AVERAGE(C9,IK9,JI9) -> 0.34584921 | D30: =AVERAGE(D9,IL9,JJ9) -> 0.29757302 | E30: =AVERAGE(E9,IM9,JK9) -> 0.26662063 | F30: =AVERAGE(F9,IN9,JL9) -> 0.25059048 | G30: =AVERAGE(G9,IO9,JM9) -> 0.24487302 | H30: =AVERAGE(H9,IP9,JN9) -> 0.25479206 | I30: =AVERAGE(I9,IQ9,JO9) -> 0.2807746 | ... Y30: =AVERAGE(Y9,JG9,KE9) -> 0.47165079 | AA30: =AVERAGE(AA9, AZ9,BX9) -> 0.37267302 | AB30: =AVERAGE(AB9, BA9,BY9) -> 0.32930159 | AC30: =AVERAGE(AC9, BB9,BZ9) -> 0.28231587 | AD30: =AVERAGE(AD9, BC9,CA9) -> 0.23669365 | AE30: =AVERAGE(AE9, BD9,CB9) -> 0.2434619 | AF30: =AVERAGE(AF9, BE9,CC9) -> 0.23926349 | AG30: =AVERAGE(AG9, BF9,CD9) -> 0.24841111 | AH30: =AVERAGE(AH9, BG9,CE9) -> 0.26967619 | ... AX30: =AVERAGE(AX9, BW9,CU9) -> 0.4603381 | AZ30: =AVERAGE(CV9,DT9,ER9) -> 0.44028889 | BA30: =AVERAGE(CW9,DU9,ES9) -> 0.36445714 | BB30: =AVERAGE(CX9,DV9,ET9) -> 0.32034603 | BC30: =AVERAGE(CY9,DW9,EU9) -> 0.29240952 | BD30: =AVERAGE(CZ9,DX9,EV9) -> 0.27562857 | BE30: =AVERAGE(DA9,DY9,EW9) -> 0.26515873 | BF30: =AVERAGE(DB9,DZ9,EX9) -> 0.25914921 | BG30: =AVERAGE(DC9,EA9,EY9) -> 0.25150159 | ... BW30: =AVERAGE(DS9,EQ9,FO9) -> 0.51157778 | BY30: =AVERAGE(FP9,GN9,HL9) -> 0.33403016 | BZ30: =AVERAGE(FQ9,GO9,HM9) -> 0.29521111 | CA30: =AVERAGE(FR9,GP9,HN9) -> 0.25903175 | CB30: =AVERAGE(FS9,GQ9,HO9) -> 0.23704762 | CC30: =AVERAGE(FT9,GR9,HP9) -> 0.22437302 | CD30: =AVERAGE(FU9,GS9,HQ9) -> 0.21799841 | CE30: =AVERAGE(FV9,GT9,HR9) -> 0.21993175 | CF30: =AVERAGE(FW9,GU9,HS9) -> 0.22657302 | ... CV30: =AVERAGE(GM9,HK9,II9) -> 0.39174921
A31: Giorno_feriale | B31: =AVERAGE(B10,IJ10,JH10) -> 0.40009524 | C31: =AVERAGE(C10,IK10,JI10) -> 0.32067619 | D31: =AVERAGE(D10,IL10,JJ10) -> 0.27494286 | E31: =AVERAGE(E10,IM10,JK10) -> 0.25320476 | F31: =AVERAGE(F10,IN10,JL10) -> 0.2448619 | G31: =AVERAGE(G10,IO10,JM10) -> 0.24529683 | H31: =AVERAGE(H10,IP10,JN10) -> 0.26889524 | I31: =AVERAGE(I10,IQ10,JO10) -> 0.34815714 | ... Y31: =AVERAGE(Y10,JG10,KE10) -> 0.49640952 | AA31: =AVERAGE(AA10, AZ10,BX10) -> 0.38153968 | AB31: =AVERAGE(AB10, BA10,BY10) -> 0.30636825 | AC31: =AVERAGE(AC10, BB10,BZ10) -> 0.26190635 | AD31: =AVERAGE(AD10, BC10,CA10) -> 0.24209841 | AE31: =AVERAGE(AE10, BD10,CB10) -> 0.23470317 | AF31: =AVERAGE(AF10, BE10,CC10) -> 0.23573492 | AG31: =AVERAGE(AG10, BF10,CD10) -> 0.25953492 | AH31: =AVERAGE(AH10, BG10,CE10) -> 0.33631111 | ... AX31: =AVERAGE(AX10, BW10,CU10) -> 0.48039365 | AZ31: =AVERAGE(CV10,DT10,ER10) -> 0.44166825 | BA31: =AVERAGE(CW10,DU10,ES10) -> 0.36984762 | BB31: =AVERAGE(CX10,DV10,ET10) -> 0.32144286 | BC31: =AVERAGE(CY10,DW10,EU10) -> 0.29509524 | BD31: =AVERAGE(CZ10,DX10,EV10) -> 0.27939365 | BE31: =AVERAGE(DA10,DY10,EW10) -> 0.26935079 | BF31: =AVERAGE(DB10,DZ10,EX10) -> 0.26656667 | BG31: =AVERAGE(DC10,EA10,EY10) -> 0.27591429 | ... BW31: =AVERAGE(DS10,EQ10,FO10) -> 0.52499206 | BY31: =AVERAGE(FP10,GN10,HL10) -> 0.35646667 | BZ31: =AVERAGE(FQ10,GO10,HM10) -> 0.2983873 | CA31: =AVERAGE(FR10,GP10,HN10) -> 0.26018413 | CB31: =AVERAGE(FS10,GQ10,HO10) -> 0.24003492 | CC31: =AVERAGE(FT10,GR10,HP10) -> 0.22922698 | CD31: =AVERAGE(FU10,GS10,HQ10) -> 0.2235873 | CE31: =AVERAGE(FV10,GT10,HR10) -> 0.22907143 | CF31: =AVERAGE(FW10,GU10,HS10) -> 0.26121111 | ... CV31: =AVERAGE(GM10,HK10,II10) -> 0.42680952
A32: 3 | AA32: =AVERAGE(AA11, AZ11,BX11) -> 0.40678535 | AB32: =AVERAGE(AB11, BA11,BY11) -> 0.32741919 | AC32: =AVERAGE(AC11, BB11,BZ11) -> 0.27014798 | AD32: =AVERAGE(AD11, BC11,CA11) -> 0.23370253 | AE32: =AVERAGE(AE11, BD11,CB11) -> 0.22692222 | AF32: =AVERAGE(AF11, BE11,CC11) -> 0.22275909 | AG32: =AVERAGE(AG11, BF11,CD11) -> 0.23519192 | AH32: =AVERAGE(AH11, BG11,CE11) -> 0.27538182 | ... AX32: =AVERAGE(AX11, BW11,CU11) -> 0.50471263 | AZ32: =AVERAGE(CV11,DT11,ER11) -> 0.4239596 | BA32: =AVERAGE(CW11,DU11,ES11) -> 0.35888182 | BB32: =AVERAGE(CX11,DV11,ET11) -> 0.31056263 | BC32: =AVERAGE(CY11,DW11,EU11) -> 0.2810404 | BD32: =AVERAGE(CZ11,DX11,EV11) -> 0.26470253 | BE32: =AVERAGE(DA11,DY11,EW11) -> 0.25579596 | BF32: =AVERAGE(DB11,DZ11,EX11) -> 0.25582323 | BG32: =AVERAGE(DC11,EA11,EY11) -> 0.26305101 | ... BW32: =AVERAGE(DS11,EQ11,FO11) -> 0.48860455 | BY32: =AVERAGE(FP11,GN11,HL11) -> 0.3610202 | BZ32: =AVERAGE(FQ11,GO11,HM11) -> 0.31228737 | CA32: =AVERAGE(FR11,GP11,HN11) -> 0.27141515 | CB32: =AVERAGE(FS11,GQ11,HO11) -> 0.24700707 | CC32: =AVERAGE(FT11,GR11,HP11) -> 0.23360404 | CD32: =AVERAGE(FU11,GS11,HQ11) -> 0.2267404 | CE32: =AVERAGE(FV11,GT11,HR11) -> 0.22997475 | CF32: =AVERAGE(FW11,GU11,HS11) -> 0.24467121 | ... CV32: =AVERAGE(GM11,HK11,II11) -> 0.41935051
A33: SAB | B33: =AVERAGE(B12,IJ12,JH12) -> 0.42044091 | C33: =AVERAGE(C12,IK12,JI12) -> 0.33271515 | D33: =AVERAGE(D12,IL12,JJ12) -> 0.27432273 | E33: =AVERAGE(E12,IM12,JK12) -> 0.24242727 | F33: =AVERAGE(F12,IN12,JL12) -> 0.22749242 | G33: =AVERAGE(G12,IO12,JM12) -> 0.22266818 | H33: =AVERAGE(H12,IP12,JN12) -> 0.2340303 | I33: =AVERAGE(I12,IQ12,JO12) -> 0.27105909 | ... Y33: =AVERAGE(Y12,JG12,KE12) -> 0.49383333 | AA33: =AVERAGE(AA12, AZ12,BX12) -> 0.40999394 | AB33: =AVERAGE(AB12, BA12,BY12) -> 0.32484091 | AC33: =AVERAGE(AC12, BB12,BZ12) -> 0.26786061 | AD33: =AVERAGE(AD12, BC12,CA12) -> 0.23860758 | AE33: =AVERAGE(AE12, BD12,CB12) -> 0.22540152 | AF33: =AVERAGE(AF12, BE12,CC12) -> 0.22136364 | AG33: =AVERAGE(AG12, BF12,CD12) -> 0.23363333 | AH33: =AVERAGE(AH12, BG12,CE12) -> 0.26989394 | ... AX33: =AVERAGE(AX12, BW12,CU12) -> 0.48679848 | AZ33: =AVERAGE(CV12,DT12,ER12) -> 0.40396515 | BA33: =AVERAGE(CW12,DU12,ES12) -> 0.35760606 | BB33: =AVERAGE(CX12,DV12,ET12) -> 0.30909545 | BC33: =AVERAGE(CY12,DW12,EU12) -> 0.27973939 | BD33: =AVERAGE(CZ12,DX12,EV12) -> 0.2636697 | BE33: =AVERAGE(DA12,DY12,EW12) -> 0.25479697 | BF33: =AVERAGE(DB12,DZ12,EX12) -> 0.25471667 | BG33: =AVERAGE(DC12,EA12,EY12) -> 0.26124091 | ... BW33: =AVERAGE(DS12,EQ12,FO12) -> 0.45254848 | BY33: =AVERAGE(FP12,GN12,HL12) -> 0.35574545 | BZ33: =AVERAGE(FQ12,GO12,HM12) -> 0.31403182 | CA33: =AVERAGE(FR12,GP12,HN12) -> 0.27284697 | CB33: =AVERAGE(FS12,GQ12,HO12) -> 0.24861212 | CC33: =AVERAGE(FT12,GR12,HP12) -> 0.23541667 | CD33: =AVERAGE(FU12,GS12,HQ12) -> 0.22848939 | CE33: =AVERAGE(FV12,GT12,HR12) -> 0.23143182 | CF33: =AVERAGE(FW12,GU12,HS12) -> 0.24395152 | ... CV33: =AVERAGE(GM12,HK12,II12) -> 0.40074394
A34: DOM | B34: =AVERAGE(B13,IJ13,JH13) -> 0.4017803 | C34: =AVERAGE(C13,IK13,JI13) -> 0.34936364 | D34: =AVERAGE(D13,IL13,JJ13) -> 0.29187576 | E34: =AVERAGE(E13,IM13,JK13) -> 0.25431515 | F34: =AVERAGE(F13,IN13,JL13) -> 0.23385 | G34: =AVERAGE(G13,IO13,JM13) -> 0.22506818 | H34: =AVERAGE(H13,IP13,JN13) -> 0.23080152 | I34: =AVERAGE(I13,IQ13,JO13) -> 0.25129394 | ... Y34: =AVERAGE(Y13,JG13,KE13) -> 0.49625 | AA34: =AVERAGE(AA13, AZ13,BX13) -> 0.39770909 | AB34: =AVERAGE(AB13, BA13,BY13) -> 0.34126818 | AC34: =AVERAGE(AC13, BB13,BZ13) -> 0.28281212 | AD34: =AVERAGE(AD13, BC13,CA13) -> 0.22913636 | AE34: =AVERAGE(AE13, BD13,CB13) -> 0.23282727 | AF34: =AVERAGE(AF13, BE13,CC13) -> 0.2257303 | AG34: =AVERAGE(AG13, BF13,CD13) -> 0.23211818 | AH34: =AVERAGE(AH13, BG13,CE13) -> 0.25114394 | ... AX34: =AVERAGE(AX13, BW13,CU13) -> 0.49857727 | AZ34: =AVERAGE(CV13,DT13,ER13) -> 0.42747879 | BA34: =AVERAGE(CW13,DU13,ES13) -> 0.35582727 | BB34: =AVERAGE(CX13,DV13,ET13) -> 0.31218788 | BC34: =AVERAGE(CY13,DW13,EU13) -> 0.28200303 | BD34: =AVERAGE(CZ13,DX13,EV13) -> 0.26446667 | BE34: =AVERAGE(DA13,DY13,EW13) -> 0.25480909 | BF34: =AVERAGE(DB13,DZ13,EX13) -> 0.25283939 | BG34: =AVERAGE(DC13,EA13,EY13) -> 0.25226667 | ... BW34: =AVERAGE(DS13,EQ13,FO13) -> 0.49140606 | BY34: =AVERAGE(FP13,GN13,HL13) -> 0.35322424 | BZ34: =AVERAGE(FQ13,GO13,HM13) -> 0.31158788 | CA34: =AVERAGE(FR13,GP13,HN13) -> 0.27335152 | CB34: =AVERAGE(FS13,GQ13,HO13) -> 0.24791515 | CC34: =AVERAGE(FT13,GR13,HP13) -> 0.23287727 | CD34: =AVERAGE(FU13,GS13,HQ13) -> 0.22528939 | CE34: =AVERAGE(FV13,GT13,HR13) -> 0.22676212 | CF34: =AVERAGE(FW13,GU13,HS13) -> 0.23243636 | ... CV34: =AVERAGE(GM13,HK13,II13) -> 0.41010909
A35: Giorno_feriale | B35: =AVERAGE(B14,IJ14,JH14) -> 0.41683939 | C35: =AVERAGE(C14,IK14,JI14) -> 0.31977576 | D35: =AVERAGE(D14,IL14,JJ14) -> 0.26302879 | E35: =AVERAGE(E14,IM14,JK14) -> 0.2353197 | F35: =AVERAGE(F14,IN14,JL14) -> 0.22327727 | G35: =AVERAGE(G14,IO14,JM14) -> 0.22134394 | H35: =AVERAGE(H14,IP14,JN14) -> 0.23919394 | I35: =AVERAGE(I14,IQ14,JO14) -> 0.3055803 | ... Y35: =AVERAGE(Y14,JG14,KE14) -> 0.53039242 | AA35: =AVERAGE(AA14, AZ14,BX14) -> 0.41265303 | AB35: =AVERAGE(AB14, BA14,BY14) -> 0.31614848 | AC35: =AVERAGE(AC14, BB14,BZ14) -> 0.25977121 | AD35: =AVERAGE(AD14, BC14,CA14) -> 0.23336364 | AE35: =AVERAGE(AE14, BD14,CB14) -> 0.22253788 | AF35: =AVERAGE(AF14, BE14,CC14) -> 0.22118333 | AG35: =AVERAGE(AG14, BF14,CD14) -> 0.23982424 | AH35: =AVERAGE(AH14, BG14,CE14) -> 0.30510758 | ... AX35: =AVERAGE(AX14, BW14,CU14) -> 0.52876212 | AZ35: =AVERAGE(CV14,DT14,ER14) -> 0.44043485 | BA35: =AVERAGE(CW14,DU14,ES14) -> 0.36321212 | BB35: =AVERAGE(CX14,DV14,ET14) -> 0.31040455 | BC35: =AVERAGE(CY14,DW14,EU14) -> 0.28137879 | BD35: =AVERAGE(CZ14,DX14,EV14) -> 0.26597121 | BE35: =AVERAGE(DA14,DY14,EW14) -> 0.25778182 | BF35: =AVERAGE(DB14,DZ14,EX14) -> 0.25991364 | BG35: =AVERAGE(DC14,EA14,EY14) -> 0.27564545 | ... BW35: =AVERAGE(DS14,EQ14,FO14) -> 0.52185909 | BY35: =AVERAGE(FP14,GN14,HL14) -> 0.37409091 | BZ35: =AVERAGE(FQ14,GO14,HM14) -> 0.31124242 | CA35: =AVERAGE(FR14,GP14,HN14) -> 0.26804697 | CB35: =AVERAGE(FS14,GQ14,HO14) -> 0.24449394 | CC35: =AVERAGE(FT14,GR14,HP14) -> 0.23251818 | CD35: =AVERAGE(FU14,GS14,HQ14) -> 0.22644242 | CE35: =AVERAGE(FV14,GT14,HR14) -> 0.2317303 | CF35: =AVERAGE(FW14,GU14,HS14) -> 0.25762576 | ... CV35: =AVERAGE(GM14,HK14,II14) -> 0.44719848
A36: 4 | AA36: =AVERAGE(AA15, AZ15,BX15) -> 0.41966574 | AB36: =AVERAGE(AB15, BA15,BY15) -> 0.33337361 | AC36: =AVERAGE(AC15, BB15,BZ15) -> 0.27141296 | AD36: =AVERAGE(AD15, BC15,CA15) -> 0.23240833 | AE36: =AVERAGE(AE15, BD15,CB15) -> 0.22465463 | AF36: =AVERAGE(AF15, BE15,CC15) -> 0.22004259 | AG36: =AVERAGE(AG15, BF15,CD15) -> 0.23250787 | AH36: =AVERAGE(AH15, BG15,CE15) -> 0.27791759 | ... AX36: =AVERAGE(AX15, BW15,CU15) -> 0.51772917 | AZ36: =AVERAGE(CV15,DT15,ER15) -> 0.43440694 | BA36: =AVERAGE(CW15,DU15,ES15) -> 0.37208102 | BB36: =AVERAGE(CX15,DV15,ET15) -> 0.32525509 | BC36: =AVERAGE(CY15,DW15,EU15) -> 0.29662454 | BD36: =AVERAGE(CZ15,DX15,EV15) -> 0.27999306 | BE36: =AVERAGE(DA15,DY15,EW15) -> 0.26977731 | BF36: =AVERAGE(DB15,DZ15,EX15) -> 0.2671537 | BG36: =AVERAGE(DC15,EA15,EY15) -> 0.27328148 | ... BW36: =AVERAGE(DS15,EQ15,FO15) -> 0.49412361 | BY36: =AVERAGE(FP15,GN15,HL15) -> 0.36964167 | BZ36: =AVERAGE(FQ15,GO15,HM15) -> 0.32498009 | CA36: =AVERAGE(FR15,GP15,HN15) -> 0.28566343 | CB36: =AVERAGE(FS15,GQ15,HO15) -> 0.26169861 | CC36: =AVERAGE(FT15,GR15,HP15) -> 0.24746111 | CD36: =AVERAGE(FU15,GS15,HQ15) -> 0.23995741 | CE36: =AVERAGE(FV15,GT15,HR15) -> 0.24192407 | CF36: =AVERAGE(FW15,GU15,HS15) -> 0.25619167 | ... CV36: =AVERAGE(GM15,HK15,II15) -> 0.42372963
A37: SAB | B37: =AVERAGE(B16,IJ16,JH16) -> 0.42317222 | C37: =AVERAGE(C16,IK16,JI16) -> 0.32829444 | D37: =AVERAGE(D16,IL16,JJ16) -> 0.267825 | E37: =AVERAGE(E16,IM16,JK16) -> 0.23500278 | F37: =AVERAGE(F16,IN16,JL16) -> 0.21979444 | G37: =AVERAGE(G16,IO16,JM16) -> 0.21562917 | H37: =AVERAGE(H16,IP16,JN16) -> 0.22720139 | I37: =AVERAGE(I16,IQ16,JO16) -> 0.26899028 | ... Y37: =AVERAGE(Y16,JG16,KE16) -> 0.49630139 | AA37: =AVERAGE(AA16, AZ16,BX16) -> 0.42347083 | AB37: =AVERAGE(AB16, BA16,BY16) -> 0.3283125 | AC37: =AVERAGE(AC16, BB16,BZ16) -> 0.26719722 | AD37: =AVERAGE(AD16, BC16,CA16) -> 0.23603611 | AE37: =AVERAGE(AE16, BD16,CB16) -> 0.22246528 | AF37: =AVERAGE(AF16, BE16,CC16) -> 0.2191875 | AG37: =AVERAGE(AG16, BF16,CD16) -> 0.23235139 | AH37: =AVERAGE(AH16, BG16,CE16) -> 0.2778875 | ... AX37: =AVERAGE(AX16, BW16,CU16) -> 0.50170694 | AZ37: =AVERAGE(CV16,DT16,ER16) -> 0.414975 | BA37: =AVERAGE(CW16,DU16,ES16) -> 0.36914583 | BB37: =AVERAGE(CX16,DV16,ET16) -> 0.32153194 | BC37: =AVERAGE(CY16,DW16,EU16) -> 0.29281806 | BD37: =AVERAGE(CZ16,DX16,EV16) -> 0.27678056 | BE37: =AVERAGE(DA16,DY16,EW16) -> 0.26682083 | BF37: =AVERAGE(DB16,DZ16,EX16) -> 0.26476667 | BG37: =AVERAGE(DC16,EA16,EY16) -> 0.27122639 | ... BW37: =AVERAGE(DS16,EQ16,FO16) -> 0.46296806 | BY37: =AVERAGE(FP16,GN16,HL16) -> 0.36515278 | BZ37: =AVERAGE(FQ16,GO16,HM16) -> 0.33076528 | CA37: =AVERAGE(FR16,GP16,HN16) -> 0.28999167 | CB37: =AVERAGE(FS16,GQ16,HO16) -> 0.26569444 | CC37: =AVERAGE(FT16,GR16,HP16) -> 0.25143333 | CD37: =AVERAGE(FU16,GS16,HQ16) -> 0.24352361 | CE37: =AVERAGE(FV16,GT16,HR16) -> 0.24515694 | CF37: =AVERAGE(FW16,GU16,HS16) -> 0.25805278 | ... CV37: =AVERAGE(GM16,HK16,II16) -> 0.40901667
A38: DOM | B38: =AVERAGE(B17,IJ17,JH17) -> 0.39888333 | C38: =AVERAGE(C17,IK17,JI17) -> 0.34751111 | D38: =AVERAGE(D17,IL17,JJ17) -> 0.28950972 | E38: =AVERAGE(E17,IM17,JK17) -> 0.24944028 | F38: =AVERAGE(F17,IN17,JL17) -> 0.22767917 | G38: =AVERAGE(G17,IO17,JM17) -> 0.21835556 | H38: =AVERAGE(H17,IP17,JN17) -> 0.22389583 | I38: =AVERAGE(I17,IQ17,JO17) -> 0.24584722 | ... Y38: =AVERAGE(Y17,JG17,KE17) -> 0.48707083 | AA38: =AVERAGE(AA17, AZ17,BX17) -> 0.40936944 | AB38: =AVERAGE(AB17, BA17,BY17) -> 0.34863056 | AC38: =AVERAGE(AC17, BB17,BZ17) -> 0.28549722 | AD38: =AVERAGE(AD17, BC17,CA17) -> 0.22883611 | AE38: =AVERAGE(AE17, BD17,CB17) -> 0.23086389 | AF38: =AVERAGE(AF17, BE17,CC17) -> 0.22225694 | AG38: =AVERAGE(AG17, BF17,CD17) -> 0.22799583 | AH38: =AVERAGE(AH17, BG17,CE17) -> 0.25055694 | ... AX38: =AVERAGE(AX17, BW17,CU17) -> 0.50694444 | AZ38: =AVERAGE(CV17,DT17,ER17) -> 0.43442222 | BA38: =AVERAGE(CW17,DU17,ES17) -> 0.36823611 | BB38: =AVERAGE(CX17,DV17,ET17) -> 0.32713889 | BC38: =AVERAGE(CY17,DW17,EU17) -> 0.29890556 | BD38: =AVERAGE(CZ17,DX17,EV17) -> 0.28115833 | BE38: =AVERAGE(DA17,DY17,EW17) -> 0.27024444 | BF38: =AVERAGE(DB17,DZ17,EX17) -> 0.26577222 | BG38: =AVERAGE(DC17,EA17,EY17) -> 0.265025 | ... BW38: =AVERAGE(DS17,EQ17,FO17) -> 0.49104167 | BY38: =AVERAGE(FP17,GN17,HL17) -> 0.3616 | BZ38: =AVERAGE(FQ17,GO17,HM17) -> 0.3220625 | CA38: =AVERAGE(FR17,GP17,HN17) -> 0.28597917 | CB38: =AVERAGE(FS17,GQ17,HO17) -> 0.26154028 | CC38: =AVERAGE(FT17,GR17,HP17) -> 0.24583333 | CD38: =AVERAGE(FU17,GS17,HQ17) -> 0.23780278 | CE38: =AVERAGE(FV17,GT17,HR17) -> 0.23797917 | CF38: =AVERAGE(FW17,GU17,HS17) -> 0.24393611 | ... CV38: =AVERAGE(GM17,HK17,II17) -> 0.41227778
A39: Giorno_feriale | B39: =AVERAGE(B18,IJ18,JH18) -> 0.4176375 | C39: =AVERAGE(C18,IK18,JI18) -> 0.31661528 | D39: =AVERAGE(D18,IL18,JJ18) -> 0.25793056 | E39: =AVERAGE(E18,IM18,JK18) -> 0.22902639 | F39: =AVERAGE(F18,IN18,JL18) -> 0.21683056 | G39: =AVERAGE(G18,IO18,JM18) -> 0.21466806 | H39: =AVERAGE(H18,IP18,JN18) -> 0.23256111 | I39: =AVERAGE(I18,IQ18,JO18) -> 0.29917083 | ... Y39: =AVERAGE(Y18,JG18,KE18) -> 0.52960417 | AA39: =AVERAGE(AA18, AZ18,BX18) -> 0.42615694 | AB39: =AVERAGE(AB18, BA18,BY18) -> 0.32317778 | AC39: =AVERAGE(AC18, BB18,BZ18) -> 0.26154444 | AD39: =AVERAGE(AD18, BC18,CA18) -> 0.23235278 | AE39: =AVERAGE(AE18, BD18,CB18) -> 0.22063472 | AF39: =AVERAGE(AF18, BE18,CC18) -> 0.21868333 | AG39: =AVERAGE(AG18, BF18,CD18) -> 0.23717639 | AH39: =AVERAGE(AH18, BG18,CE18) -> 0.30530833 | ... AX39: =AVERAGE(AX18, BW18,CU18) -> 0.54453611 | AZ39: =AVERAGE(CV18,DT18,ER18) -> 0.45382361 | BA39: =AVERAGE(CW18,DU18,ES18) -> 0.37886111 | BB39: =AVERAGE(CX18,DV18,ET18) -> 0.32709444 | BC39: =AVERAGE(CY18,DW18,EU18) -> 0.29815 | BD39: =AVERAGE(CZ18,DX18,EV18) -> 0.28204028 | BE39: =AVERAGE(DA18,DY18,EW18) -> 0.27226667 | BF39: =AVERAGE(DB18,DZ18,EX18) -> 0.27092222 | BG39: =AVERAGE(DC18,EA18,EY18) -> 0.28359306 | ... BW39: =AVERAGE(DS18,EQ18,FO18) -> 0.52836111 | BY39: =AVERAGE(FP18,GN18,HL18) -> 0.38217222 | BZ39: =AVERAGE(FQ18,GO18,HM18) -> 0.3221125 | CA39: =AVERAGE(FR18,GP18,HN18) -> 0.28101944 | CB39: =AVERAGE(FS18,GQ18,HO18) -> 0.25786111 | CC39: =AVERAGE(FT18,GR18,HP18) -> 0.24511667 | CD39: =AVERAGE(FU18,GS18,HQ18) -> 0.23854583 | CE39: =AVERAGE(FV18,GT18,HR18) -> 0.24263611 | CF39: =AVERAGE(FW18,GU18,HS18) -> 0.26658611 | ... CV39: =AVERAGE(GM18,HK18,II18) -> 0.44989444
A40: 5 | AA40: =AVERAGE(AA19, AZ19,BX19) -> 0.46451587 | AB40: =AVERAGE(AB19, BA19,BY19) -> 0.35756667 | AC40: =AVERAGE(AC19, BB19,BZ19) -> 0.28279921 | AD40: =AVERAGE(AD19, BC19,CA19) -> 0.23741508 | AE40: =AVERAGE(AE19, BD19,CB19) -> 0.22813889 | AF40: =AVERAGE(AF19, BE19,CC19) -> 0.22386746 | AG40: =AVERAGE(AG19, BF19,CD19) -> 0.24097381 | AH40: =AVERAGE(AH19, BG19,CE19) -> 0.30356032 | ... AX40: =AVERAGE(AX19, BW19,CU19) -> 0.58673492 | AZ40: =AVERAGE(CV19,DT19,ER19) -> 0.45700794 | BA40: =AVERAGE(CW19,DU19,ES19) -> 0.3886619 | BB40: =AVERAGE(CX19,DV19,ET19) -> 0.33805556 | BC40: =AVERAGE(CY19,DW19,EU19) -> 0.30669683 | BD40: =AVERAGE(CZ19,DX19,EV19) -> 0.28776825 | BE40: =AVERAGE(DA19,DY19,EW19) -> 0.2767873 | BF40: =AVERAGE(DB19,DZ19,EX19) -> 0.27695079 | BG40: =AVERAGE(DC19,EA19,EY19) -> 0.29230238 | ... BW40: =AVERAGE(DS19,EQ19,FO19) -> 0.52329762 | BY40: =AVERAGE(FP19,GN19,HL19) -> 0.41604286 | BZ40: =AVERAGE(FQ19,GO19,HM19) -> 0.36722778 | CA40: =AVERAGE(FR19,GP19,HN19) -> 0.32523571 | CB40: =AVERAGE(FS19,GQ19,HO19) -> 0.29791349 | CC40: =AVERAGE(FT19,GR19,HP19) -> 0.28019524 | CD40: =AVERAGE(FU19,GS19,HQ19) -> 0.26961429 | CE40: =AVERAGE(FV19,GT19,HR19) -> 0.26981032 | CF40: =AVERAGE(FW19,GU19,HS19) -> 0.28726825 | ... CV40: =AVERAGE(GM19,HK19,II19) -> 0.47261587
A41: SAB | B41: =AVERAGE(B20,IJ20,JH20) -> 0.45219286 | C41: =AVERAGE(C20,IK20,JI20) -> 0.34481429 | D41: =AVERAGE(D20,IL20,JJ20) -> 0.27599762 | E41: =AVERAGE(E20,IM20,JK20) -> 0.23847857 | F41: =AVERAGE(F20,IN20,JL20) -> 0.22224524 | G41: =AVERAGE(G20,IO20,JM20) -> 0.21830238 | H41: =AVERAGE(H20,IP20,JN20) -> 0.23334048 | I41: =AVERAGE(I20,IQ20,JO20) -> 0.28313095 | ... Y41: =AVERAGE(Y20,JG20,KE20) -> 0.53833095 | AA41: =AVERAGE(AA20, AZ20,BX20) -> 0.46922143 | AB41: =AVERAGE(AB20, BA20,BY20) -> 0.35175714 | AC41: =AVERAGE(AC20, BB20,BZ20) -> 0.27753095 | AD41: =AVERAGE(AD20, BC20,CA20) -> 0.24135238 | AE41: =AVERAGE(AE20, BD20,CB20) -> 0.22593095 | AF41: =AVERAGE(AF20, BE20,CC20) -> 0.22239524 | AG41: =AVERAGE(AG20, BF20,CD20) -> 0.23989762 | AH41: =AVERAGE(AH20, BG20,CE20) -> 0.2984881 | ... AX41: =AVERAGE(AX20, BW20,CU20) -> 0.56612857 | AZ41: =AVERAGE(CV20,DT20,ER20) -> 0.43032619 | BA41: =AVERAGE(CW20,DU20,ES20) -> 0.38854286 | BB41: =AVERAGE(CX20,DV20,ET20) -> 0.33610952 | BC41: =AVERAGE(CY20,DW20,EU20) -> 0.30460238 | BD41: =AVERAGE(CZ20,DX20,EV20) -> 0.28603095 | BE41: =AVERAGE(DA20,DY20,EW20) -> 0.27529524 | BF41: =AVERAGE(DB20,DZ20,EX20) -> 0.27564048 | BG41: =AVERAGE(DC20,EA20,EY20) -> 0.2899 | ... BW41: =AVERAGE(DS20,EQ20,FO20) -> 0.48544048 | BY41: =AVERAGE(FP20,GN20,HL20) -> 0.40152619 | BZ41: =AVERAGE(FQ20,GO20,HM20) -> 0.37083095 | CA41: =AVERAGE(FR20,GP20,HN20) -> 0.32694524 | CB41: =AVERAGE(FS20,GQ20,HO20) -> 0.29913333 | CC41: =AVERAGE(FT20,GR20,HP20) -> 0.28160476 | CD41: =AVERAGE(FU20,GS20,HQ20) -> 0.27103333 | CE41: =AVERAGE(FV20,GT20,HR20) -> 0.27092619 | CF41: =AVERAGE(FW20,GU20,HS20) -> 0.2858381 | ... CV41: =AVERAGE(GM20,HK20,II20) -> 0.44740476
A42: DOM | B42: =AVERAGE(B21,IJ21,JH21) -> 0.42567143 | C42: =AVERAGE(C21,IK21,JI21) -> 0.35931667 | D42: =AVERAGE(D21,IL21,JJ21) -> 0.29460952 | E42: =AVERAGE(E21,IM21,JK21) -> 0.25189048 | F42: =AVERAGE(F21,IN21,JL21) -> 0.22972857 | G42: =AVERAGE(G21,IO21,JM21) -> 0.22115476 | H42: =AVERAGE(H21,IP21,JN21) -> 0.22905476 | I42: =AVERAGE(I21,IQ21,JO21) -> 0.25721667 | ... Y42: =AVERAGE(Y21,JG21,KE21) -> 0.53046667 | AA42: =AVERAGE(AA21, AZ21,BX21) -> 0.4527619 | AB42: =AVERAGE(AB21, BA21,BY21) -> 0.37623095 | AC42: =AVERAGE(AC21, BB21,BZ21) -> 0.3000381 | AD42: =AVERAGE(AD21, BC21,CA21) -> 0.23410476 | AE42: =AVERAGE(AE21, BD21,CB21) -> 0.2352 | AF42: =AVERAGE(AF21, BE21,CC21) -> 0.22656667 | AG42: =AVERAGE(AG21, BF21,CD21) -> 0.23458333 | AH42: =AVERAGE(AH21, BG21,CE21) -> 0.26567857 | ... AX42: =AVERAGE(AX21, BW21,CU21) -> 0.57650714 | AZ42: =AVERAGE(CV21,DT21,ER21) -> 0.45982381 | BA42: =AVERAGE(CW21,DU21,ES21) -> 0.37955714 | BB42: =AVERAGE(CX21,DV21,ET21) -> 0.3373619 | BC42: =AVERAGE(CY21,DW21,EU21) -> 0.30716667 | BD42: =AVERAGE(CZ21,DX21,EV21) -> 0.28748571 | BE42: =AVERAGE(DA21,DY21,EW21) -> 0.2756381 | BF42: =AVERAGE(DB21,DZ21,EX21) -> 0.27325238 | BG42: =AVERAGE(DC21,EA21,EY21) -> 0.27910476 | ... BW42: =AVERAGE(DS21,EQ21,FO21) -> 0.52236667 | BY42: =AVERAGE(FP21,GN21,HL21) -> 0.41676429 | BZ42: =AVERAGE(FQ21,GO21,HM21) -> 0.36180714 | CA42: =AVERAGE(FR21,GP21,HN21) -> 0.326 | CB42: =AVERAGE(FS21,GQ21,HO21) -> 0.29956905 | CC42: =AVERAGE(FT21,GR21,HP21) -> 0.28070952 | CD42: =AVERAGE(FU21,GS21,HQ21) -> 0.26923571 | CE42: =AVERAGE(FV21,GT21,HR21) -> 0.2673881 | CF42: =AVERAGE(FW21,GU21,HS21) -> 0.27542381 | ... CV42: =AVERAGE(GM21,HK21,II21) -> 0.46870476
A43: Giorno_feriale | B43: =AVERAGE(B22,IJ22,JH22) -> 0.45016905 | C43: =AVERAGE(C22,IK22,JI22) -> 0.33021667 | D43: =AVERAGE(D22,IL22,JJ22) -> 0.26285 | E43: =AVERAGE(E22,IM22,JK22) -> 0.23073333 | F43: =AVERAGE(F22,IN22,JL22) -> 0.21774286 | G43: =AVERAGE(G22,IO22,JM22) -> 0.21672143 | H43: =AVERAGE(H22,IP22,JN22) -> 0.24025238 | I43: =AVERAGE(I22,IQ22,JO22) -> 0.32565238 | ... Y43: =AVERAGE(Y22,JG22,KE22) -> 0.5836381 | AA43: =AVERAGE(AA22, AZ22,BX22) -> 0.47156429 | AB43: =AVERAGE(AB22, BA22,BY22) -> 0.3447119 | AC43: =AVERAGE(AC22, BB22,BZ22) -> 0.27082857 | AD43: =AVERAGE(AD22, BC22,CA22) -> 0.2367881 | AE43: =AVERAGE(AE22, BD22,CB22) -> 0.22328571 | AF43: =AVERAGE(AF22, BE22,CC22) -> 0.22264048 | AG43: =AVERAGE(AG22, BF22,CD22) -> 0.24844048 | AH43: =AVERAGE(AH22, BG22,CE22) -> 0.34651429 | ... AX43: =AVERAGE(AX22, BW22,CU22) -> 0.61756905 | AZ43: =AVERAGE(CV22,DT22,ER22) -> 0.48087381 | BA43: =AVERAGE(CW22,DU22,ES22) -> 0.39788571 | BB43: =AVERAGE(CX22,DV22,ET22) -> 0.34069524 | BC43: =AVERAGE(CY22,DW22,EU22) -> 0.30832143 | BD43: =AVERAGE(CZ22,DX22,EV22) -> 0.2897881 | BE43: =AVERAGE(DA22,DY22,EW22) -> 0.27942857 | BF43: =AVERAGE(DB22,DZ22,EX22) -> 0.28195952 | BG43: =AVERAGE(DC22,EA22,EY22) -> 0.30790238 | ... BW43: =AVERAGE(DS22,EQ22,FO22) -> 0.56208571 | BY43: =AVERAGE(FP22,GN22,HL22) -> 0.4298381 | BZ43: =AVERAGE(FQ22,GO22,HM22) -> 0.36904524 | CA43: =AVERAGE(FR22,GP22,HN22) -> 0.3227619 | CB43: =AVERAGE(FS22,GQ22,HO22) -> 0.2950381 | CC43: =AVERAGE(FT22,GR22,HP22) -> 0.27827143 | CD43: =AVERAGE(FU22,GS22,HQ22) -> 0.26857381 | CE43: =AVERAGE(FV22,GT22,HR22) -> 0.27111667 | CF43: =AVERAGE(FW22,GU22,HS22) -> 0.30054286 | ... CV43: =AVERAGE(GM22,HK22,II22) -> 0.5017381

Sheet day_1_weekday
A1: rip | B1: meseri_y | C1: activity_class | D1: prob_ora_0 | E1: prob_ora_1 | F1: prob_ora_2 | G1: prob_ora_3 | H1: prob_ora_4 | I1: prob_ora_5 | J1: prob_ora_6 | K1: prob_ora_7 | L1: prob_ora_8 | M1: prob_ora_9 | N1: prob_ora_10 | O1: prob_ora_11 | P1: prob_ora_12 | Q1: prob_ora_13 | R1: prob_ora_14 | S1: prob_ora_15 | T1: prob_ora_16 | U1: prob_ora_17 | V1: prob_ora_18 | W1: prob_ora_19 | X1: prob_ora_20 | Y1: prob_ora_21 | Z1: prob_ora_22 | AA1: prob_ora_23 | AC1: load_ora_0 | AD1: load_ora_1 | AE1: load_ora_2 | AF1: load_ora_3 | AG1: load_ora_4 | AH1: load_ora_5 | AI1: load_ora_6 | AJ1: load_ora_7 | AK1: load_ora_8 | AL1: load_ora_9 | AM1: load_ora_10 | AN1: load_ora_11 | AO1: load_ora_12 | AP1: load_ora_13 | AQ1: load_ora_14 | AR1: load_ora_15 | AS1: load_ora_16 | AT1: load_ora_17 | AU1: load_ora_18 | AV1: load_ora_19 | AW1: load_ora_20 | AX1: load_ora_21 | AY1: load_ora_22 | AZ1: load_ora_23
A2: 1 | B2: 1 | C2: 1 | D2: 0.11217565 | E2: 0.047558923 | F2: 0.042362003 | G2: 0.027202073 | H2: 0.025803723 | I2: 0.12366231 | J2: 0.43596649 | K2: 0.64462524 | L2: 0.44230769 | M2: 0.38564371 | N2: 0.32376827 | O2: 0.35051861 | P2: 0.53984064 | Q2: 0.51999102 | R2: 0.46213648 | S2: 0.40864626 | T2: 0.38465422 | U2: 0.49396621 | V2: 0.62780269 | W2: 0.77169769 | X2: 0.82216809 | Y2: 0.72979798 | Z2: 0.54586466 | AA2: 0.3244898 | AC2: ='load by month'!B27 -> 0.37773056 | AD2: ='load by month'!C27 -> 0.29552083 | AE2: ='load by month'!D27 -> 0.24852917 | AF2: ='load by month'!E27 -> 0.22605139 | AG2: ='load by month'!F27 -> 0.21721111 | AH2: ='load by month'!G27 -> 0.21780972 | AI2: ='load by month'!H27 -> 0.24031806 | AJ2: ='load by month'!I27 -> 0.3131 | ... AZ2: ='load by month'!Y27 -> 0.47807917 | BA2: =RSQ(AC2:AZ2, D2:AA2) -> 0.61392073
A3: 1 | B3: 1 | C3: 2 | D3: 0.81157685 | E3: 0.89436027 | F3: 0.91998288 | G3: 0.93739206 | H3: 0.94331641 | I3: 0.82917162 | J3: 0.45601436 | K3: 0.090704518 | L3: 0.041734861 | M3: 0.02818948 | N3: 0.0081212777 | O3: 0.004575961 | P3: 0.0042330677 | Q3: 0.02066487 | R3: 0.027065937 | S3: 0.017986747 | T3: 0.0070671378 | U3: 0.0042906946 | V3: 0.0012456403 | W3: 0.0015698587 | X3: 0.0077953715 | Y3: 0.10129068 | Z3: 0.30345865 | AA3: 0.57346939 | BA3: =RSQ(AC2:AZ2, D3:AA3) -> 0.33886003
A4: 1 | B4: 1 | C4: 3 | D4: 0.076247505 | E4: 0.058080808 | F4: 0.037655113 | G4: 0.035405872 | H4: 0.030879865 | I4: 0.047166072 | J4: 0.10801915 | K4: 0.26467024 | L4: 0.51595745 | M4: 0.58616681 | N4: 0.66811045 | O4: 0.64490543 | P4: 0.45592629 | Q4: 0.45934412 | R4: 0.51079758 | S4: 0.57336699 | T4: 0.60827865 | U4: 0.50174309 | V4: 0.37095167 | W4: 0.22673245 | X4: 0.17003654 | Y4: 0.16891134 | Z4: 0.15067669 | AA4: 0.10204082 | BA4: =RSQ(AC2:AZ2, D4:AA4) -> 0.023186166
A5: 2 | B5: 1 | C5: 1 | D5: 0.0932 | E5: 0.028486395 | F5: 0.019767942 | G5: 0.016788635 | H5: 0.031892572 | I5: 0.13616686 | J5: 0.52912244 | K5: 0.60137972 | L5: 0.42471655 | M5: 0.35313996 | N5: 0.28683254 | O5: 0.32059701 | P5: 0.48797737 | Q5: 0.52277228 | R5: 0.50157959 | S5: 0.41328922 | T5: 0.41259803 | U5: 0.45550639 | V5: 0.63596892 | W5: 0.76194175 | X5: 0.8250476 | Y5: 0.74346202 | Z5: 0.52148323 | AA5: 0.29546218 | AC5: ='load by month'!B31 -> 0.40009524 | AD5: ='load by month'!C31 -> 0.32067619 | AE5: ='load by month'!D31 -> 0.27494286 | AF5: ='load by month'!E31 -> 0.25320476 | AG5: ='load by month'!F31 -> 0.2448619 | AH5: ='load by month'!G31 -> 0.24529683 | AI5: ='load by month'!H31 -> 0.26889524 | AJ5: ='load by month'!I31 -> 0.34815714 | ... AZ5: ='load by month'!Y31 -> 0.49640952 | BA5: =RSQ(AC5:AZ5, D5:AA5) -> 0.58819243
A6: 2 | B6: 1 | C6: 2 | D6: 0.848 | E6: 0.9332483 | F6: 0.94843146 | G6: 0.95393887 | H6: 0.94670583 | I6: 0.81149154 | J6: 0.33730261 | K6: 0.064487103 | L6: 0.039455782 | M6: 0.0078851028 | N6: 0.004752586 | O6: 0.0056716418 | P6: 0.0044790193 | Q6: 0.01960396 | R6: 0.025030377 | S6: 0.015439757 | T6: 0.0065772831 | U6: 0.0066371681 | V6: 0.0050274223 | W6: 0.010097087 | X6: 0.027713137 | Y6: 0.12652553 | Z6: 0.37404356 | AA6: 0.63159664 | BA6: =RSQ(AC5:AZ5, D6:AA6) -> 0.28176342
A7: 2 | B7: 1 | C7: 3 | D7: 0.0588 | E7: 0.038265306 | F7: 0.031800602 | G7: 0.029272492 | H7: 0.021401595 | I7: 0.052341598 | J7: 0.13357494 | K7: 0.33413317 | L7: 0.53582766 | M7: 0.63897494 | N7: 0.70841487 | O7: 0.67373134 | P7: 0.50754361 | Q7: 0.45762376 | R7: 0.47339004 | S7: 0.57127102 | T7: 0.58082469 | U7: 0.53785644 | V7: 0.35900366 | W7: 0.22796117 | X7: 0.14723926 | Y7: 0.13001245 | Z7: 0.10447322 | AA7: 0.072941176 | BA7: =RSQ(AC5:AZ5, D7:AA7) -> 0.007348292
A8: 3 | B8: 1 | C8: 1 | D8: 0.14769976 | E8: 0.063593683 | F8: 0.01273306 | G8: 0.022032374 | H8: 0.028381375 | I8: 0.11900757 | J8: 0.43495021 | K8: 0.59842217 | L8: 0.45115741 | M8: 0.38971907 | N8: 0.33220025 | O8: 0.32525189 | P8: 0.45770863 | Q8: 0.57281106 | R8: 0.55543878 | S8: 0.48270677 | T8: 0.40704225 | U8: 0.45761788 | V8: 0.5203039 | W8: 0.71215494 | X8: 0.82852956 | Y8: 0.77919659 | Z8: 0.54748247 | AA8: 0.31196435 | AC8: ='load by month'!B35 -> 0.41683939 | AD8: ='load by month'!C35 -> 0.31977576 | AE8: ='load by month'!D35 -> 0.26302879 | AF8: ='load by month'!E35 -> 0.2353197 | AG8: ='load by month'!F35 -> 0.22327727 | AH8: ='load by month'!G35 -> 0.22134394 | AI8: ='load by month'!H35 -> 0.23919394 | AJ8: ='load by month'!I35 -> 0.3055803 | ... AZ8: ='load by month'!Y35 -> 0.53039242 | BA8: =RSQ(AC8:AZ8, D8:AA8) -> 0.56671647
A9: 3 | B9: 1 | C9: 2 | D9: 0.79257466 | E9: 0.89884763 | F9: 0.96998636 | G9: 0.96088129 | H9: 0.95388027 | I9: 0.83767872 | J9: 0.46064889 | K9: 0.12006927 | L9: 0.060648148 | M9: 0.034668261 | N9: 0.021322621 | O9: 0.011335013 | P9: 0.0073550212 | Q9: 0.010829493 | R9: 0.025486075 | S9: 0.024962406 | T9: 0.011549296 | U9: 0.003270646 | V9: 0.0023578727 | W9: 0.0026714159 | X9: 0.0075720567 | Y9: 0.075019952 | Z9: 0.30688337 | AA9: 0.58039081 | BA9: =RSQ(AC8:AZ8, D9:AA9) -> 0.29825692
A10: 3 | B10: 1 | C10: 3 | D10: 0.059725585 | E10: 0.037558685 | F10: 0.017280582 | G10: 0.017086331 | H10: 0.017738359 | I10: 0.043313709 | J10: 0.1044009 | K10: 0.28150856 | L10: 0.48819444 | M10: 0.57561267 | N10: 0.64647713 | O10: 0.6634131 | P10: 0.53493635 | Q10: 0.41635945 | R10: 0.41907514 | S10: 0.49233083 | T10: 0.58140845 | U10: 0.53911147 | V10: 0.47733822 | W10: 0.28517364 | X10: 0.16389839 | Y10: 0.14578345 | Z10: 0.14563416 | AA10: 0.10764484 | BA10: =RSQ(AC8:AZ8, D10:AA10) -> 0.021272426
A11: 4 | B11: 1 | C11: 1 | D11: 0.11846523 | E11: 0.039692702 | F11: 0.018567639 | G11: 0.020591341 | H11: 0.034108527 | I11: 0.11944375 | J11: 0.43752311 | K11: 0.69482554 | L11: 0.43914365 | M11: 0.38297872 | N11: 0.3202934 | O11: 0.32104081 | P11: 0.44400482 | Q11: 0.57987797 | R11: 0.67503079 | S11: 0.60182319 | T11: 0.53176246 | U11: 0.49231262 | V11: 0.50736809 | W11: 0.63713318 | X11: 0.77771595 | Y11: 0.78679818 | Z11: 0.58217368 | AA11: 0.31686104 | AC11: ='load by month'!B39 -> 0.4176375 | AD11: ='load by month'!C39 -> 0.31661528 | AE11: ='load by month'!D39 -> 0.25793056 | AF11: ='load by month'!E39 -> 0.22902639 | AG11: ='load by month'!F39 -> 0.21683056 | AH11: ='load by month'!G39 -> 0.21466806 | AI11: ='load by month'!H39 -> 0.23256111 | AJ11: ='load by month'!I39 -> 0.29917083 | ... AZ11: ='load by month'!Y39 -> 0.52960417 | BA11: =RSQ(AC11:AZ11, D11:AA11) -> 0.48772609
A12: 4 | B12: 1 | C12: 2 | D12: 0.81055156 | E12: 0.90115237 | F12: 0.94986737 | G12: 0.94878564 | H12: 0.93359173 | I12: 0.83337472 | J12: 0.45878004 | K12: 0.092038457 | L12: 0.051275274 | M12: 0.038946989 | N12: 0.019559902 | O12: 0.0074878323 | P12: 0.002408395 | Q12: 0.0074710497 | R12: 0.03294335 | S12: 0.05125559 | T12: 0.025473651 | U12: 0.010409994 | V12: 0.0058627793 | W12: 0.003244921 | X12: 0.0082069829 | Y12: 0.071320182 | Z12: 0.28483354 | AA12: 0.57916584 | BA12: =RSQ(AC11:AZ11, D12:AA12) -> 0.32973545
A13: 4 | B13: 1 | C13: 3 | D13: 0.070983213 | E13: 0.05915493 | F13: 0.031564987 | G13: 0.03062302 | H13: 0.032299742 | I13: 0.047181525 | J13: 0.10369686 | K13: 0.21313601 | L13: 0.50958108 | M13: 0.57807429 | N13: 0.6601467 | O13: 0.67147136 | P13: 0.55358679 | Q13: 0.41265098 | R13: 0.29202586 | S13: 0.34692122 | T13: 0.44276389 | U13: 0.49727739 | V13: 0.48676913 | W13: 0.3596219 | X13: 0.21407706 | Y13: 0.14188164 | Z13: 0.13299278 | AA13: 0.10397312 | BA13: =RSQ(AC11:AZ11, D13:AA13) -> 0.048796581
A14: 5 | B14: 1 | C14: 1 | D14: 0.098850575 | E14: 0.020833333 | F14: 0.034768212 | G14: 0.017632242 | H14: 0.02704918 | I14: 0.16121842 | J14: 0.44112676 | K14: 0.66699219 | L14: 0.38507719 | M14: 0.36416862 | N14: 0.29760547 | O14: 0.25909932 | P14: 0.44986595 | Q14: 0.5464191 | R14: 0.7168184 | S14: 0.63383417 | T14: 0.55265902 | U14: 0.49354518 | V14: 0.52653705 | W14: 0.72921399 | X14: 0.84503062 | Y14: 0.80666667 | Z14: 0.54031783 | AA14: 0.29658793 | AC14: ='load by month'!B43 -> 0.45016905 | AD14: ='load by month'!C43 -> 0.33021667 | AE14: ='load by month'!D43 -> 0.26285 | AF14: ='load by month'!E43 -> 0.23073333 | AG14: ='load by month'!F43 -> 0.21774286 | AH14: ='load by month'!G43 -> 0.21672143 | AI14: ='load by month'!H43 -> 0.24025238 | AJ14: ='load by month'!I43 -> 0.32565238 | ... AZ14: ='load by month'!Y43 -> 0.5836381 | BA14: =RSQ(AC14:AZ14, D14:AA14) -> 0.47943717
A15: 5 | B15: 1 | C15: 2 | D15: 0.87509579 | E15: 0.96333333 | F15: 0.96192053 | G15: 0.97900924 | H15: 0.96557377 | I15: 0.79569094 | J15: 0.43098592 | K15: 0.083007812 | L15: 0.054459691 | M15: 0.043325527 | N15: 0.022234892 | O15: 0.019740901 | P15: 0.0096514745 | Q15: 0.0090943539 | R15: 0.037853378 | S15: 0.04785754 | T15: 0.034410845 | U15: 0.013902681 | V15: 0.011560694 | W15: 0.0063607451 | X15: 0.014601978 | Y15: 0.10619048 | Z15: 0.38198941 | AA15: 0.65223097 | BA15: =RSQ(AC14:AZ14, D15:AA15) -> 0.30762734
A16: 5 | B16: 1 | C16: 3 | D16: 0.02605364 | E16: 0.015833333 | F16: 0.0033112583 | G16: 0.0033585223 | H16: 0.0073770492 | I16: 0.043090639 | J16: 0.12788732 | K16: 0.25 | L16: 0.56046312 | M16: 0.59250585 | N16: 0.68015964 | O16: 0.72115978 | P16: 0.54048257 | Q16: 0.44448655 | R16: 0.24532822 | S16: 0.31830829 | T16: 0.41293014 | U16: 0.49255214 | V16: 0.46190226 | W16: 0.26442526 | X16: 0.1403674 | Y16: 0.087142857 | Z16: 0.07769276 | AA16: 0.051181102 | BA16: =RSQ(AC14:AZ14, D16:AA16) -> 0.027190352
A17: 1 | B17: 2 | C17: 1 | D17: 0.097619048 | E17: 0.03697479 | F17: 0.020111254 | G17: 0.0043535046 | H17: 0.028691983 | I17: 0.066993464 | J17: 0.44979568 | K17: 0.62409718 | L17: 0.39672978 | M17: 0.32276995 | N17: 0.30340292 | O17: 0.3065467 | P17: 0.45921846 | Q17: 0.49400369 | R17: 0.42672887 | S17: 0.34216726 | T17: 0.33128834 | U17: 0.40903124 | V17: 0.57011665 | W17: 0.79440497 | X17: 0.85245902 | Y17: 0.76772288 | Z17: 0.54525661 | AA17: 0.31687377 | AC17: ='load by month'!AA27 -> 0.35898472 | AD17: ='load by month'!AB27 -> 0.28062222 | AE17: ='load by month'!AC27 -> 0.23537083 | AF17: ='load by month'!AD27 -> 0.21491944 | AG17: ='load by month'!AE27 -> 0.20694306 | AH17: ='load by month'!AF27 -> 0.20771806 | AI17: ='load by month'!AG27 -> 0.22904583 | AJ17: ='load by month'!AH27 -> 0.29999306 | ... AZ17: ='load by month'!AX27 -> 0.46001944 | BA17: =RSQ(AC17:AZ17, D17:AA17) -> 0.56273338
A18: 1 | B18: 2 | C18: 2 | D18: 0.86190476 | E18: 0.93823529 | F18: 0.97047497 | G18: 0.98781019 | H18: 0.95021097 | I18: 0.86519608 | J18: 0.43140689 | K18: 0.078299409 | L18: 0.041738382 | M18: 0.022007042 | N18: 0.0051472691 | O18: 0.0015513497 | P18: 0.0049829531 | Q18: 0.018219557 | R18: 0.027167947 | S18: 0.023557126 | T18: 0.0051124744 | U18: 0.0023628249 | V18: 0.0022338049 | W18: 0.0006660746 | X18: 0.012777242 | Y18: 0.117884 | Z18: 0.34681182 | AA18: 0.61151079 | BA18: =RSQ(AC17:AZ17, D18:AA18) -> 0.20319453
A19: 1 | B19: 2 | C19: 3 | D19: 0.04047619 | E19: 0.024789916 | F19: 0.0094137783 | G19: 0.0078363082 | H19: 0.021097046 | I19: 0.067810458 | J19: 0.11879743 | K19: 0.29760341 | L19: 0.56153184 | M19: 0.655223 | N19: 0.69144981 | O19: 0.69190195 | P19: 0.53579858 | Q19: 0.48777675 | R19: 0.54610318 | S19: 0.63427562 | T19: 0.66359918 | U19: 0.58860593 | V19: 0.42764954 | W19: 0.20492895 | X19: 0.13476374 | Y19: 0.11439313 | Z19: 0.10793157 | AA19: 0.071615435 | BA19: =RSQ(AC17:AZ17, D19:AA19) -> 0.00046035994
A20: 2 | B20: 2 | C20: 1 | D20: 0.091827768 | E20: 0.036106033 | F20: 0.012264151 | G20: 0.010849057 | H20: 0.05788776 | I20: 0.11634948 | J20: 0.52894576 | K20: 0.6244236 | L20: 0.38051381 | M20: 0.2988764 | N20: 0.24548849 | O20: 0.27122723 | P20: 0.43101111 | Q20: 0.50241546 | R20: 0.46140351 | S20: 0.3568567 | T20: 0.35668463 | U20: 0.45740149 | V20: 0.60733366 | W20: 0.77137133 | X20: 0.80551724 | Y20: 0.75061864 | Z20: 0.54846478 | AA20: 0.2715959 | AC20: ='load by month'!AA31 -> 0.38153968 | AD20: ='load by month'!AB31 -> 0.30636825 | AE20: ='load by month'!AC31 -> 0.26190635 | AF20: ='load by month'!AD31 -> 0.24209841 | AG20: ='load by month'!AE31 -> 0.23470317 | AH20: ='load by month'!AF31 -> 0.23573492 | AI20: ='load by month'!AG31 -> 0.25953492 | AJ20: ='load by month'!AH31 -> 0.33631111 | ... AZ20: ='load by month'!AX31 -> 0.48039365 | BA20: =RSQ(AC20:AZ20, D20:AA20) -> 0.48591081
A21: 2 | B21: 2 | C21: 2 | D21: 0.8629174 | E21: 0.92915905 | F21: 0.96556604 | G21: 0.96886792 | H21: 0.91471498 | I21: 0.81487889 | J21: 0.35679464 | K21: 0.051041501 | L21: 0.029083858 | M21: 0.013162119 | N21: 0.004044804 | O21: 0.0041251289 | P21: 0.0043372188 | Q21: 0.013802622 | R21: 0.022222222 | S21: 0.0098613251 | T21: 0.0069284065 | U21: 0.0034611289 | V21: 0.0019426906 | W21: 0.0069011576 | X21: 0.023908046 | Y21: 0.12427825 | Z21: 0.33925346 | AA21: 0.63433382 | BA21: =RSQ(AC20:AZ20, D21:AA21) -> 0.14301508
A22: 2 | B22: 2 | C22: 3 | D22: 0.045254833 | E22: 0.034734918 | F22: 0.022169811 | G22: 0.020283019 | H22: 0.02739726 | I22: 0.068771626 | J22: 0.1142596 | K22: 0.3245349 | L22: 0.59040233 | M22: 0.68796148 | N22: 0.75046671 | O22: 0.72464765 | P22: 0.56465167 | Q22: 0.48378192 | R22: 0.51637427 | S22: 0.63328197 | T22: 0.63638696 | U22: 0.53913738 | V22: 0.39072365 | W22: 0.22172752 | X22: 0.17057471 | Y22: 0.12510311 | Z22: 0.11228176 | AA22: 0.094070278 | BA22: =RSQ(AC20:AZ20, D22:AA22) -> 0.0062643923
A23: 3 | B23: 2 | C23: 1 | D23: 0.097178683 | E23: 0.016365688 | F23: 0.019047619 | G23: 0.018038331 | H23: 0.02970297 | I23: 0.074375679 | J23: 0.40179299 | K23: 0.61868627 | L23: 0.45326963 | M23: 0.36030246 | N23: 0.27814313 | O23: 0.30523372 | P23: 0.46232526 | Q23: 0.56300813 | R23: 0.56619987 | S23: 0.53036278 | T23: 0.39173437 | U23: 0.39628253 | V23: 0.49394347 | W23: 0.69548243 | X23: 0.83282582 | Y23: 0.78443743 | Z23: 0.57035869 | AA23: 0.27484047 | AC23: ='load by month'!AA35 -> 0.41265303 | AD23: ='load by month'!AB35 -> 0.31614848 | AE23: ='load by month'!AC35 -> 0.25977121 | AF23: ='load by month'!AD35 -> 0.23336364 | AG23: ='load by month'!AE35 -> 0.22253788 | AH23: ='load by month'!AF35 -> 0.22118333 | AI23: ='load by month'!AG35 -> 0.23982424 | AJ23: ='load by month'!AH35 -> 0.30510758 | ... AZ23: ='load by month'!AX35 -> 0.52876212 | BA23: =RSQ(AC23:AZ23, D23:AA23) -> 0.47812886
A24: 3 | B24: 2 | C24: 2 | D24: 0.84273772 | E24: 0.94920993 | F24: 0.94789916 | G24: 0.96054115 | H24: 0.940044 | I24: 0.87785016 | J24: 0.47636512 | K24: 0.10955656 | L24: 0.05524037 | M24: 0.034026465 | N24: 0.018181818 | O24: 0.011186576 | P24: 0.0051142175 | Q24: 0.017711963 | R24: 0.023870146 | S24: 0.021687697 | T24: 0.01024373 | U24: 0.0048327138 | V24: 0.0030282638 | W24: 0.0025097602 | X24: 0.016747868 | Y24: 0.093936208 | Z24: 0.32794639 | AA24: 0.62853236 | BA24: =RSQ(AC23:AZ23, D24:AA24) -> 0.1769569
A25: 3 | B25: 2 | C25: 3 | D25: 0.060083595 | E25: 0.034424379 | F25: 0.033053221 | G25: 0.021420519 | H25: 0.030253025 | I25: 0.047774159 | J25: 0.12184189 | K25: 0.27175717 | L25: 0.49149 | M25: 0.60567108 | N25: 0.70367505 | O25: 0.6835797 | P25: 0.53256052 | Q25: 0.41927991 | R25: 0.40992998 | S25: 0.44794953 | T25: 0.5980219 | U25: 0.59888476 | V25: 0.50302826 | W25: 0.30200781 | X25: 0.15042631 | Y25: 0.12162636 | Z25: 0.10169492 | AA25: 0.096627165 | BA25: =RSQ(AC23:AZ23, D25:AA25) -> 0.00033646605
A26: 4 | B26: 2 | C26: 1 | D26: 0.087207623 | E26: 0.017048977 | F26: 0.01126408 | G26: 0.012488292 | H26: 0.027929569 | I26: 0.12406015 | J26: 0.43186862 | K26: 0.69228837 | L26: 0.44411489 | M26: 0.38670631 | N26: 0.30197114 | O26: 0.29197588 | P26: 0.42924917 | Q26: 0.59248075 | R26: 0.67537801 | S26: 0.58652211 | T26: 0.51466221 | U26: 0.45545678 | V26: 0.47659411 | W26: 0.6494471 | X26: 0.81997677 | Y26: 0.81425819 | Z26: 0.58350644 | AA26: 0.30931076 | AC26: ='load by month'!AA39 -> 0.42615694 | AD26: ='load by month'!AB39 -> 0.32317778 | AE26: ='load by month'!AC39 -> 0.26154444 | AF26: ='load by month'!AD39 -> 0.23235278 | AG26: ='load by month'!AE39 -> 0.22063472 | AH26: ='load by month'!AF39 -> 0.21868333 | AI26: ='load by month'!AG39 -> 0.23717639 | AJ26: ='load by month'!AH39 -> 0.30530833 | ... AZ26: ='load by month'!AX39 -> 0.54453611 | BA26: =RSQ(AC26:AZ26, D26:AA26) -> 0.44748578
A27: 4 | B27: 2 | C27: 2 | D27: 0.86572336 | E27: 0.96342219 | F27: 0.97684606 | G27: 0.97283796 | H27: 0.9486946 | I27: 0.83661076 | J27: 0.4704838 | K27: 0.084400904 | L27: 0.040430846 | M27: 0.025270758 | N27: 0.01117659 | O27: 0.0076530612 | P27: 0.0026815182 | Q27: 0.0049826363 | R27: 0.027627403 | S27: 0.03380102 | T27: 0.016518189 | U27: 0.0039720068 | V27: 0.0025043344 | W27: 0.003135831 | X27: 0.0077982412 | Y27: 0.070905588 | Z27: 0.31262983 | AA27: 0.62152358 | BA27: =RSQ(AC26:AZ26, D27:AA27) -> 0.23860064
A28: 4 | B28: 2 | C28: 3 | D28: 0.047069015 | E28: 0.019528828 | F28: 0.011889862 | G28: 0.014673743 | H28: 0.023375835 | I28: 0.039329092 | J28: 0.097647581 | K28: 0.22331073 | L28: 0.51545426 | M28: 0.58802293 | N28: 0.68685227 | O28: 0.70037106 | P28: 0.56806931 | Q28: 0.40253661 | R28: 0.29699459 | S28: 0.37967687 | T28: 0.4688196 | U28: 0.54057121 | V28: 0.52090156 | W28: 0.34741707 | X28: 0.17222499 | Y28: 0.11483622 | Z28: 0.10386373 | AA28: 0.069165659 | BA28: =RSQ(AC26:AZ26, D28:AA28) -> 0.010865123
A29: 5 | B29: 2 | C29: 1 | D29: 0.1014975 | E29: 0.056325823 | F29: 0.012681159 | G29: 0.018617021 | H29: 0.022045855 | I29: 0.091673675 | J29: 0.37801779 | K29: 0.69751166 | L29: 0.46253122 | M29: 0.37918216 | N29: 0.32603406 | O29: 0.27629123 | P29: 0.42907593 | Q29: 0.6012137 | R29: 0.70605909 | S29: 0.55253623 | T29: 0.49252014 | U29: 0.48853712 | V29: 0.4738676 | W29: 0.68111163 | X29: 0.80571992 | Y29: 0.79423184 | Z29: 0.57354686 | AA29: 0.29015919 | AC29: ='load by month'!AA43 -> 0.47156429 | AD29: ='load by month'!AB43 -> 0.3447119 | AE29: ='load by month'!AC43 -> 0.27082857 | AF29: ='load by month'!AD43 -> 0.2367881 | AG29: ='load by month'!AE43 -> 0.22328571 | AH29: ='load by month'!AF43 -> 0.22264048 | AI29: ='load by month'!AG43 -> 0.24844048 | AJ29: ='load by month'!AH43 -> 0.34651429 | ... AZ29: ='load by month'!AX43 -> 0.61756905 | BA29: =RSQ(AC29:AZ29, D29:AA29) -> 0.45657085
A30: 5 | B30: 2 | C30: 2 | D30: 0.85524126 | E30: 0.90727903 | F30: 0.95923913 | G30: 0.94237589 | H30: 0.95326279 | I30: 0.86122792 | J30: 0.48094028 | K30: 0.091368585 | L30: 0.029558701 | M30: 0.017967782 | N30: 0.0060827251 | O30: 0.0062227754 | P30: 0.0047086521 | Q30: 0.0047680971 | R30: 0.038057086 | S30: 0.050120773 | T30: 0.027042578 | U30: 0.0060043668 | V30: 0.0023228804 | W30: 0.0014130947 | X30: 0.015779093 | Y30: 0.086522463 | Z30: 0.33748517 | AA30: 0.65629522 | BA30: =RSQ(AC29:AZ29, D30:AA30) -> 0.25735412
A31: 5 | B31: 2 | C31: 3 | D31: 0.043261231 | E31: 0.036395147 | F31: 0.02807971 | G31: 0.039007092 | H31: 0.024691358 | I31: 0.047098402 | J31: 0.14104193 | K31: 0.21111975 | L31: 0.50791007 | M31: 0.60285006 | N31: 0.66788321 | O31: 0.717486 | P31: 0.56621542 | Q31: 0.39401821 | R31: 0.25588383 | S31: 0.397343 | T31: 0.48043728 | U31: 0.50545852 | V31: 0.52380952 | W31: 0.31747527 | X31: 0.17850099 | Y31: 0.1192457 | Z31: 0.088967972 | AA31: 0.053545586 | BA31: =RSQ(AC29:AZ29, D31:AA31) -> 0.014912144
A32: 1 | B32: 3 | C32: 1 | D32: 0.13098346 | E32: 0.03480715 | F32: 0.011132623 | G32: 0.016441006 | H32: 0.036295952 | I32: 0.10358744 | J32: 0.29877582 | K32: 0.61362618 | L32: 0.46615988 | M32: 0.39133206 | N32: 0.34124088 | O32: 0.37358101 | P32: 0.51711027 | Q32: 0.53292126 | R32: 0.43860212 | S32: 0.33561397 | T32: 0.3418777 | U32: 0.367866 | V32: 0.50506555 | W32: 0.7068323 | X32: 0.78748299 | Y32: 0.76091807 | Z32: 0.5619499 | AA32: 0.34183865 | AC32: ='load by month'!AZ27 -> 0.41216944 | AD32: ='load by month'!BA27 -> 0.33856667 | AE32: ='load by month'!BB27 -> 0.28977778 | AF32: ='load by month'!BC27 -> 0.26432083 | AG32: ='load by month'!BD27 -> 0.25016667 | AH32: ='load by month'!BE27 -> 0.24144722 | AI32: ='load by month'!BF27 -> 0.24150139 | AJ32: ='load by month'!BG27 -> 0.255575 | ... AZ32: ='load by month'!BW27 -> 0.49818333 | BA32: =RSQ(AC32:AZ32, D32:AA32) -> 0.31627821
A33: 1 | B33: 3 | C33: 2 | D33: 0.78677111 | E33: 0.90122295 | F33: 0.93659245 | G33: 0.93617021 | H33: 0.92368544 | I33: 0.82556054 | J33: 0.57536343 | K33: 0.14343344 | L33: 0.073810692 | M33: 0.042702358 | N33: 0.010036496 | O33: 0.0079119367 | P33: 0.0061421468 | Q33: 0.014512228 | R33: 0.024046169 | S33: 0.014404033 | T33: 0.00092649784 | U33: 0 | V33: 0.002681764 | W33: 0.0019875776 | X33: 0.010884354 | Y33: 0.073637233 | Z33: 0.25897089 | AA33: 0.53320826 | BA33: =RSQ(AC32:AZ32, D33:AA33) -> 0.076806232
A34: 1 | B34: 3 | C34: 3 | D34: 0.082245431 | E34: 0.063969897 | F34: 0.052274927 | G34: 0.047388781 | H34: 0.040018613 | I34: 0.070852018 | J34: 0.12586075 | K34: 0.24294039 | L34: 0.46002943 | M34: 0.56596558 | N34: 0.64872263 | O34: 0.61850705 | P34: 0.47674759 | Q34: 0.45256651 | R34: 0.53735172 | S34: 0.64998199 | T34: 0.6571958 | U34: 0.632134 | V34: 0.49225268 | W34: 0.29118012 | X34: 0.20163265 | Y34: 0.16544469 | Z34: 0.17907921 | AA34: 0.1249531 | BA34: =RSQ(AC32:AZ32, D34:AA34) -> 0.011021938
A35: 2 | B35: 3 | C35: 1 | D35: 0.10898828 | E35: 0.033088235 | F35: 0.016144349 | G35: 0.018544936 | H35: 0.02299908 | I35: 0.11839231 | J35: 0.45226768 | K35: 0.61634484 | L35: 0.45364797 | M35: 0.43544917 | N35: 0.29472141 | O35: 0.37191408 | P35: 0.50619469 | Q35: 0.53722768 | R35: 0.48090482 | S35: 0.39834025 | T35: 0.35596535 | U35: 0.37376093 | V35: 0.53254741 | W35: 0.74469984 | X35: 0.78067004 | Y35: 0.71585779 | Z35: 0.55024969 | AA35: 0.33261803 | AC35: ='load by month'!AZ31 -> 0.44166825 | AD35: ='load by month'!BA31 -> 0.36984762 | AE35: ='load by month'!BB31 -> 0.32144286 | AF35: ='load by month'!BC31 -> 0.29509524 | AG35: ='load by month'!BD31 -> 0.27939365 | AH35: ='load by month'!BE31 -> 0.26935079 | AI35: ='load by month'!BF31 -> 0.26656667 | AJ35: ='load by month'!BG31 -> 0.27591429 | ... AZ35: ='load by month'!BW31 -> 0.52499206 | BA35: =RSQ(AC35:AZ35, D35:AA35) -> 0.1917893
A36: 2 | B36: 3 | C36: 2 | D36: 0.81198437 | E36: 0.89338235 | F36: 0.9311491 | G36: 0.92867332 | H36: 0.92916283 | I36: 0.81738751 | J36: 0.42118617 | K36: 0.10590989 | L36: 0.060919817 | M36: 0.029316837 | N36: 0.017302053 | O36: 0.010580314 | P36: 0.0037926675 | Q36: 0.019391908 | R36: 0.033783784 | S36: 0.022981168 | T36: 0.0061469684 | U36: 0.0037900875 | V36: 0.0012813942 | W36: 0.0033474671 | X36: 0.013015184 | Y36: 0.08972912 | Z36: 0.28464419 | AA36: 0.56258941 | BA36: =RSQ(AC35:AZ35, D36:AA36) -> 0.016293591
A37: 2 | B37: 3 | C37: 3 | D37: 0.079027356 | E37: 0.073529412 | F37: 0.052706553 | G37: 0.05278174 | H37: 0.047838086 | I37: 0.064220183 | J37: 0.12654615 | K37: 0.27774527 | L37: 0.48543222 | M37: 0.535234 | N37: 0.68797654 | O37: 0.61750561 | P37: 0.49001264 | Q37: 0.44338042 | R37: 0.4853114 | S37: 0.57867858 | T37: 0.63788768 | U37: 0.62244898 | V37: 0.46617119 | W37: 0.25195269 | X37: 0.20631477 | Y37: 0.19441309 | Z37: 0.16510612 | AA37: 0.10479256 | BA37: =RSQ(AC35:AZ35, D37:AA37) -> 0.055282808
A38: 3 | B38: 3 | C38: 1 | D38: 0.10970996 | E38: 0.032747983 | F38: 0.012639767 | G38: 0.014584346 | H38: 0.031499765 | I38: 0.085388128 | J38: 0.4337884 | K38: 0.58050479 | L38: 0.38511077 | M38: 0.36706033 | N38: 0.27948194 | O38: 0.33081081 | P38: 0.45212603 | Q38: 0.54916187 | R38: 0.50507536 | S38: 0.39119972 | T38: 0.346851 | U38: 0.34031746 | V38: 0.42723553 | W38: 0.66362484 | X38: 0.81849866 | Y38: 0.73531212 | Z38: 0.55 | AA38: 0.28629032 | AC38: ='load by month'!AZ35 -> 0.44043485 | AD38: ='load by month'!BA35 -> 0.36321212 | AE38: ='load by month'!BB35 -> 0.31040455 | AF38: ='load by month'!BC35 -> 0.28137879 | AG38: ='load by month'!BD35 -> 0.26597121 | AH38: ='load by month'!BE35 -> 0.25778182 | AI38: ='load by month'!BF35 -> 0.25991364 | AJ38: ='load by month'!BG35 -> 0.27564545 | ... AZ38: ='load by month'!BW35 -> 0.52185909 | BA38: =RSQ(AC38:AZ38, D38:AA38) -> 0.27074805
A39: 3 | B39: 3 | C39: 2 | D39: 0.77175284 | E39: 0.90602753 | F39: 0.93874575 | G39: 0.94069033 | H39: 0.90409027 | I39: 0.8347032 | J39: 0.44709898 | K39: 0.12967798 | L39: 0.077022154 | M39: 0.04085541 | N39: 0.020109066 | O39: 0.012612613 | P39: 0.0033649434 | Q39: 0.013009757 | R39: 0.036296524 | S39: 0.029219663 | T39: 0.011059908 | U39: 0.0034920635 | V39: 0.0014611338 | W39: 0.00025348542 | X39: 0.0072386059 | Y39: 0.074051408 | Z39: 0.27162162 | AA39: 0.56561584 | BA39: =RSQ(AC38:AZ38, D39:AA39) -> 0.071207673
A40: 3 | B40: 3 | C40: 3 | D40: 0.1185372 | E40: 0.06122449 | F40: 0.048614487 | G40: 0.044725328 | H40: 0.064409967 | I40: 0.079908676 | J40: 0.11911263 | K40: 0.28981723 | L40: 0.53786708 | M40: 0.59208426 | N40: 0.700409 | O40: 0.65657658 | P40: 0.54450902 | Q40: 0.43782837 | R40: 0.45862811 | S40: 0.57958061 | T40: 0.64208909 | U40: 0.65619048 | V40: 0.57130333 | W40: 0.33612167 | X40: 0.17426273 | Y40: 0.19063647 | Z40: 0.17837838 | AA40: 0.14809384 | BA40: =RSQ(AC38:AZ38, D40:AA40) -> 0.0063260544
A41: 4 | B41: 3 | C41: 1 | D41: 0.11273106 | E41: 0.02238806 | F41: 0.014302393 | G41: 0.0085824208 | H41: 0.026980482 | I41: 0.11445459 | J41: 0.3564114 | K41: 0.64830566 | L41: 0.48906561 | M41: 0.39503129 | N41: 0.32804738 | O41: 0.30218006 | P41: 0.46854746 | Q41: 0.62189486 | R41: 0.68399428 | S41: 0.54979253 | T41: 0.44528232 | U41: 0.38357488 | V41: 0.36454849 | W41: 0.5569381 | X41: 0.74198642 | Y41: 0.73089362 | Z41: 0.5487666 | AA41: 0.28778878 | AC41: ='load by month'!AZ39 -> 0.45382361 | AD41: ='load by month'!BA39 -> 0.37886111 | AE41: ='load by month'!BB39 -> 0.32709444 | AF41: ='load by month'!BC39 -> 0.29815 | AG41: ='load by month'!BD39 -> 0.28204028 | AH41: ='load by month'!BE39 -> 0.27226667 | AI41: ='load by month'!BF39 -> 0.27092222 | AJ41: ='load by month'!BG39 -> 0.28359306 | ... AZ41: ='load by month'!BW39 -> 0.52836111 | BA41: =RSQ(AC41:AZ41, D41:AA41) -> 0.23593194
A42: 4 | B42: 3 | C42: 2 | D42: 0.80239521 | E42: 0.9293915 | F42: 0.94979568 | G42: 0.96596626 | H42: 0.94546498 | I42: 0.82240731 | J42: 0.51825467 | K42: 0.13014716 | L42: 0.067594433 | M42: 0.039635881 | N42: 0.012609859 | O42: 0.0066612838 | P42: 0.0032405642 | Q42: 0.0040439053 | R42: 0.026438014 | S42: 0.038174274 | T42: 0.019679971 | U42: 0.0048309179 | V42: 0.0016722408 | W42: 0.0022050717 | X42: 0.0061582189 | Y42: 0.047319149 | Z42: 0.25218216 | AA42: 0.55291529 | BA42: =RSQ(AC41:AZ41, D42:AA42) -> 0.12029726
A43: 4 | B43: 3 | C43: 3 | D43: 0.084873731 | E43: 0.048220436 | F43: 0.035901926 | G43: 0.025451317 | H43: 0.027554535 | I43: 0.063138098 | J43: 0.12533393 | K43: 0.22154719 | L43: 0.44333996 | M43: 0.56533283 | N43: 0.65934276 | O43: 0.69115866 | P43: 0.52821197 | Q43: 0.37406124 | R43: 0.2895677 | S43: 0.4120332 | T43: 0.5350377 | U43: 0.6115942 | V43: 0.63377926 | W43: 0.44085683 | X43: 0.25185536 | Y43: 0.22178723 | Z43: 0.19905123 | AA43: 0.15929593 | BA43: =RSQ(AC41:AZ41, D43:AA43) -> 0.007812704
A44: 5 | B44: 3 | C44: 1 | D44: 0.12666667 | E44: 0.021786492 | F44: 0.027225901 | G44: 0.021433851 | H44: 0.026162791 | I44: 0.12441783 | J44: 0.38735818 | K44: 0.66042872 | L44: 0.51987997 | M44: 0.44320298 | N44: 0.37432631 | O44: 0.38714992 | P44: 0.47336377 | Q44: 0.65180952 | R44: 0.75042088 | S44: 0.66141732 | T44: 0.52681992 | U44: 0.4198436 | V44: 0.36309524 | W44: 0.52809463 | X44: 0.74930251 | Y44: 0.76738085 | Z44: 0.5495992 | AA44: 0.29268293 | AC44: ='load by month'!AZ43 -> 0.48087381 | AD44: ='load by month'!BA43 -> 0.39788571 | AE44: ='load by month'!BB43 -> 0.34069524 | AF44: ='load by month'!BC43 -> 0.30832143 | AG44: ='load by month'!BD43 -> 0.2897881 | AH44: ='load by month'!BE43 -> 0.27942857 | AI44: ='load by month'!BF43 -> 0.28195952 | AJ44: ='load by month'!BG43 -> 0.30790238 | ... AZ44: ='load by month'!BW43 -> 0.56208571 | BA44: =RSQ(AC44:AZ44, D44:AA44) -> 0.24708429
A45: 5 | B45: 3 | C45: 2 | D45: 0.81866667 | E45: 0.92229484 | F45: 0.94407653 | G45: 0.96526238 | H45: 0.94476744 | I45: 0.80505655 | J45: 0.4921664 | K45: 0.1425655 | L45: 0.060015004 | M45: 0.040502793 | N45: 0.025477707 | O45: 0.011532125 | P45: 0.0035514967 | Q45: 0.011047619 | R45: 0.026515152 | S45: 0.045669291 | T45: 0.024904215 | U45: 0.011241447 | V45: 0.0049603175 | W45: 0.00042247571 | X45: 0.0063770426 | Y45: 0.066025361 | Z45: 0.28206413 | AA45: 0.59273965 | BA45: =RSQ(AC44:AZ44, D45:AA45) -> 0.12288707
A46: 5 | B46: 3 | C46: 3 | D46: 0.054666667 | E46: 0.055918664 | F46: 0.028697572 | G46: 0.013303769 | H46: 0.029069767 | I46: 0.070525615 | J46: 0.12047542 | K46: 0.19700578 | L46: 0.42010503 | M46: 0.51629423 | N46: 0.60019598 | O46: 0.60131796 | P46: 0.52308473 | Q46: 0.33714286 | R46: 0.22306397 | S46: 0.29291339 | T46: 0.44827586 | U46: 0.56891496 | V46: 0.63194444 | W46: 0.47148289 | X46: 0.24432045 | Y46: 0.16659379 | Z46: 0.16833667 | AA46: 0.11457742 | BA46: =RSQ(AC44:AZ44, D46:AA46) -> 0.0036858979
A47: 1 | B47: 4 | C47: 1 | D47: 0.12765957 | E47: 0.061097852 | F47: 0.022384428 | G47: 0.014 | H47: 0.03003876 | I47: 0.087947883 | J47: 0.32712669 | K47: 0.57378129 | L47: 0.41602634 | M47: 0.37883008 | N47: 0.30619 | O47: 0.33948209 | P47: 0.47213399 | Q47: 0.50510986 | R47: 0.45822943 | S47: 0.38096874 | T47: 0.35810811 | U47: 0.32959369 | V47: 0.48963229 | W47: 0.71929825 | X47: 0.81230508 | Y47: 0.72872015 | Z47: 0.58542294 | AA47: 0.33321101 | AC47: 0.33959028 | AD47: 0.27912917 | AE47: 0.24049167 | AF47: 0.22071667 | AG47: 0.21046944 | AH47: 0.20544861 | AI47: 0.21168472 | AJ47: 0.24168333 | AK47: 0.28461528 | AL47: 0.28236806 | AM47: 0.27870417 | AN47: 0.27353194 | AO47: 0.28674167 | AP47: 0.31559167 | AQ47: 0.31964028 | AR47: 0.31579167 | AS47: 0.30293889 | AT47: 0.29662361 | AU47: 0.31327639 | AV47: 0.38260556 | AW47: 0.49178333 | AX47: 0.50027083 | AY47: 0.4778875 | AZ47: 0.41280556 | BA47: =RSQ(AC47:AZ47, D47:AA47) -> 0.51271888
A48: 1 | B48: 4 | C48: 2 | D48: 0.77792553 | E48: 0.87732697 | F48: 0.90705596 | G48: 0.932 | H48: 0.90600775 | I48: 0.80828292 | J48: 0.50638919 | K48: 0.12801932 | L48: 0.077387486 | M48: 0.04178273 | N48: 0.015557762 | O48: 0.0095778645 | P48: 0.0040427375 | Q48: 0.016351559 | R48: 0.032107232 | S48: 0.026451391 | T48: 0.012925969 | U48: 0.0078835658 | V48: 0.0082941664 | W48: 0.0016595543 | X48: 0.0062375957 | Y48: 0.062155542 | Z48: 0.24272818 | AA48: 0.52623853 | BA48: =RSQ(AC47:AZ47, D48:AA48) -> 0.16106187
A49: 1 | B49: 4 | C49: 3 | D49: 0.094414894 | E49: 0.061575179 | F49: 0.070559611 | G49: 0.054 | H49: 0.063953488 | I49: 0.10376919 | J49: 0.16648412 | K49: 0.29819939 | L49: 0.50658617 | M49: 0.57938719 | N49: 0.67825223 | O49: 0.65094005 | P49: 0.52382327 | Q49: 0.47853858 | R49: 0.50966334 | S49: 0.59257987 | T49: 0.62896592 | U49: 0.66252274 | V49: 0.50207354 | W49: 0.2790422 | X49: 0.18145733 | Y49: 0.20912431 | Z49: 0.17184888 | AA49: 0.14055046 | BA49: =RSQ(AC47:AZ47, D49:AA49) -> 0.0038944718
A50: 2 | B50: 4 | C50: 1 | D50: 0.09196515 | E50: 0.039014374 | F50: 0.021806854 | G50: 0.014150943 | H50: 0.023291925 | I50: 0.13758865 | J50: 0.41063516 | K50: 0.55804572 | L50: 0.46280088 | M50: 0.33887043 | N50: 0.28548283 | O50: 0.3407356 | P50: 0.51540284 | Q50: 0.51879491 | R50: 0.47923533 | S50: 0.40276792 | T50: 0.35418017 | U50: 0.39162981 | V50: 0.55890168 | W50: 0.73598743 | X50: 0.75761124 | Y50: 0.70847691 | Z50: 0.52757288 | AA50: 0.30603097 | AC50: 0.35646667 | AD50: 0.2983873 | AE50: 0.26018413 | AF50: 0.24003492 | AG50: 0.22922698 | AH50: 0.2235873 | AI50: 0.22907143 | AJ50: 0.26121111 | AK50: 0.29657619 | AL50: 0.28313968 | AM50: 0.27255238 | AN50: 0.2649381 | AO50: 0.27656825 | AP50: 0.30418254 | AQ50: 0.31386667 | AR50: 0.31295238 | AS50: 0.30334921 | AT50: 0.30078571 | AU50: 0.3227381 | AV50: 0.39718254 | AW50: 0.50261587 | AX50: 0.51215397 | AY50: 0.48840635 | AZ50: 0.42680952 | BA50: =RSQ(AC50:AZ50, D50:AA50) -> 0.35405874
A51: 2 | B51: 4 | C51: 2 | D51: 0.81703775 | E51: 0.90246407 | F51: 0.92211838 | G51: 0.93763103 | H51: 0.92598344 | I51: 0.79385343 | J51: 0.42983752 | K51: 0.10959211 | L51: 0.051148796 | M51: 0.035548173 | N51: 0.014581983 | O51: 0.006592644 | P51: 0.0047393365 | Q51: 0.015754561 | R51: 0.033289387 | S51: 0.025195174 | T51: 0.0058327933 | U51: 0.0054440286 | V51: 0.0011809861 | W51: 0.003404924 | X51: 0.025761124 | Y51: 0.10509993 | Z51: 0.30593607 | AA51: 0.58801956 | BA51: =RSQ(AC50:AZ50, D51:AA51) -> 0.066141784
A52: 2 | B52: 4 | C52: 3 | D52: 0.090997096 | E52: 0.058521561 | F52: 0.056074766 | G52: 0.048218029 | H52: 0.050724638 | I52: 0.06855792 | J52: 0.15952733 | K52: 0.33236217 | L52: 0.48605033 | M52: 0.6255814 | N52: 0.69993519 | O52: 0.65267176 | P52: 0.47985782 | Q52: 0.46545053 | R52: 0.48747528 | S52: 0.57203691 | T52: 0.63998704 | U52: 0.60292617 | V52: 0.43991733 | W52: 0.26060765 | X52: 0.21662763 | Y52: 0.18642316 | Z52: 0.16649104 | AA52: 0.10594947 | BA52: =RSQ(AC50:AZ50, D52:AA52) -> 0.026829582
A53: 3 | B53: 4 | C53: 1 | D53: 0.14821429 | E53: 0.052527905 | F53: 0.021433356 | G53: 0.014179608 | H53: 0.02545211 | I53: 0.094458438 | J53: 0.42801367 | K53: 0.62619254 | L53: 0.39843167 | M53: 0.38339921 | N53: 0.2989418 | O53: 0.33547499 | P53: 0.47124387 | Q53: 0.57649513 | R53: 0.5603904 | S53: 0.45192754 | T53: 0.40093897 | U53: 0.42637644 | V53: 0.45579399 | W53: 0.64811553 | X53: 0.8012959 | Y53: 0.7238136 | Z53: 0.56166282 | AA53: 0.3221303 | AC53: 0.37409091 | AD53: 0.31124242 | AE53: 0.26804697 | AF53: 0.24449394 | AG53: 0.23251818 | AH53: 0.22644242 | AI53: 0.2317303 | AJ53: 0.25762576 | AK53: 0.29913636 | AL53: 0.29910303 | AM53: 0.29701667 | AN53: 0.29209848 | AO53: 0.29752727 | AP53: 0.32562121 | AQ53: 0.34491818 | AR53: 0.35042576 | AS53: 0.34036212 | AT53: 0.32916212 | AU53: 0.33860455 | AV53: 0.39015455 | AW53: 0.50433485 | AX53: 0.52392424 | AY53: 0.5017303 | AZ53: 0.44719848 | BA53: =RSQ(AC53:AZ53, D53:AA53) -> 0.37554862
A54: 3 | B54: 4 | C54: 2 | D54: 0.775 | E54: 0.90347997 | F54: 0.93636973 | G54: 0.94868332 | H54: 0.95043537 | I54: 0.84130982 | J54: 0.47437775 | K54: 0.10899104 | L54: 0.082897685 | M54: 0.048309179 | N54: 0.01675485 | O54: 0 | P54: 0.00089166295 | Q54: 0.0062586926 | R54: 0.031313542 | S54: 0.029261496 | T54: 0.014084507 | U54: 0.00042680324 | V54: 0.00042918455 | W54: 0.0045790771 | X54: 0.0068394528 | Y54: 0.075673365 | Z54: 0.26466513 | AA54: 0.54912099 | BA54: =RSQ(AC53:AZ53, D54:AA54) -> 0.12425924
A55: 3 | B55: 4 | C55: 3 | D55: 0.076785714 | E55: 0.043992121 | F55: 0.042196919 | G55: 0.03713707 | H55: 0.024112525 | I55: 0.064231738 | J55: 0.09760859 | K55: 0.26481642 | L55: 0.51867065 | M55: 0.56829161 | N55: 0.68430335 | O55: 0.66452501 | P55: 0.52786447 | Q55: 0.41724618 | R55: 0.40829606 | S55: 0.51881096 | T55: 0.58497653 | U55: 0.57319676 | V55: 0.54377682 | W55: 0.34730539 | X55: 0.19186465 | Y55: 0.20051304 | Z55: 0.17367206 | AA55: 0.12874871 | BA55: =RSQ(AC53:AZ53, D55:AA55) -> 0.00055245104
A56: 4 | B56: 4 | C56: 1 | D56: 0.11207865 | E56: 0.028447743 | F56: 0.021437579 | G56: 0.01369863 | H56: 0.034122349 | I56: 0.098346131 | J56: 0.35132507 | K56: 0.63561406 | L56: 0.45713795 | M56: 0.38946281 | N56: 0.32822848 | O56: 0.30362117 | P56: 0.44442123 | Q56: 0.59757762 | R56: 0.68658975 | S56: 0.55607477 | T56: 0.48233394 | U56: 0.43913934 | V56: 0.42083333 | W56: 0.59186906 | X56: 0.73441828 | Y56: 0.75426357 | Z56: 0.53258806 | AA56: 0.30392396 | AC56: 0.38217222 | AD56: 0.3221125 | AE56: 0.28101944 | AF56: 0.25786111 | AG56: 0.24511667 | AH56: 0.23854583 | AI56: 0.24263611 | AJ56: 0.26658611 | AK56: 0.3103125 | AL56: 0.31442639 | AM56: 0.31418889 | AN56: 0.31066806 | AO56: 0.31709028 | AP56: 0.34883056 | AQ56: 0.38484583 | AR56: 0.38739444 | AS56: 0.37785278 | AT56: 0.36459306 | AU56: 0.367275 | AV56: 0.39914167 | AW56: 0.47704861 | AX56: 0.52186528 | AY56: 0.49970972 | AZ56: 0.44989444 | BA56: =RSQ(AC56:AZ56, D56:AA56) -> 0.37406796
A57: 4 | B57: 4 | C57: 2 | D57: 0.79578652 | E57: 0.923624 | F57: 0.94892812 | G57: 0.96527557 | H57: 0.92960344 | I57: 0.83372711 | J57: 0.54218332 | K57: 0.13163605 | L57: 0.079196014 | M57: 0.051652893 | N57: 0.018418874 | O57: 0.012070566 | P57: 0.0056414542 | Q57: 0.0071647902 | R57: 0.027614904 | S57: 0.044726302 | T57: 0.019987886 | U57: 0.0038934426 | V57: 0.0029166667 | W57: 0.0024639212 | X57: 0.010041551 | Y57: 0.055813953 | Z57: 0.27209449 | AA57: 0.57250792 | BA57: =RSQ(AC56:AZ56, D57:AA57) -> 0.18115374
A58: 4 | B58: 4 | C58: 3 | D58: 0.092134831 | E58: 0.047928262 | F58: 0.0296343 | G58: 0.021025804 | H58: 0.036274208 | I58: 0.067926757 | J58: 0.10649161 | K58: 0.23274989 | L58: 0.46366604 | M58: 0.5588843 | N58: 0.65335265 | O58: 0.68430826 | P58: 0.54993732 | Q58: 0.39525759 | R58: 0.28579535 | S58: 0.39919893 | T58: 0.49767817 | U58: 0.55696721 | V58: 0.57625 | W58: 0.40566702 | X58: 0.25554017 | Y58: 0.18992248 | Z58: 0.19531744 | AA58: 0.12356812 | BA58: =RSQ(AC56:AZ56, D58:AA58) -> 0.008516567
A59: 5 | B59: 4 | C59: 1 | D59: 0.14004914 | E59: 0.043126685 | F59: 0.024163569 | G59: 0.027906977 | H59: 0.014953271 | I59: 0.10351035 | J59: 0.37136465 | K59: 0.64078091 | L59: 0.47089446 | M59: 0.43003195 | N59: 0.41681791 | O59: 0.35897436 | P59: 0.55831853 | Q59: 0.64205703 | R59: 0.69182747 | S59: 0.55882353 | T59: 0.49424552 | U59: 0.44819129 | V59: 0.41772152 | W59: 0.56038895 | X59: 0.79659319 | Y59: 0.82618384 | Z59: 0.60334873 | AA59: 0.29333333 | AC59: 0.4298381 | AD59: 0.36904524 | AE59: 0.3227619 | AF59: 0.2950381 | AG59: 0.27827143 | AH59: 0.26857381 | AI59: 0.27111667 | AJ59: 0.30054286 | AK59: 0.35233333 | AL59: 0.35511667 | AM59: 0.34861905 | AN59: 0.34279048 | AO59: 0.35087619 | AP59: 0.38987381 | AQ59: 0.43787619 | AR59: 0.44909524 | AS59: 0.43476905 | AT59: 0.4221881 | AU59: 0.42401429 | AV59: 0.44940714 | AW59: 0.52241429 | AX59: 0.5807381 | AY59: 0.55580238 | AZ59: 0.5017381 | BA59: =RSQ(AC59:AZ59, D59:AA59) -> 0.36642462
A60: 5 | B60: 4 | C60: 2 | D60: 0.77968878 | E60: 0.90116801 | F60: 0.95167286 | G60: 0.94697674 | H60: 0.9588785 | I60: 0.86408641 | J60: 0.54362416 | K60: 0.13882863 | L60: 0.072408897 | M60: 0.047284345 | N60: 0.020568663 | O60: 0.01474359 | P60: 0.0023682652 | Q60: 0.0040733198 | R60: 0.03461975 | S60: 0.05751634 | T60: 0.015345269 | U60: 0.0024524831 | V60: 0.002411091 | W60: 0.0020470829 | X60: 0.003507014 | Y60: 0.048467967 | Z60: 0.23498845 | AA60: 0.53824561 | BA60: =RSQ(AC59:AZ59, D60:AA60) -> 0.19916796
A61: 5 | B61: 4 | C61: 3 | D61: 0.08026208 | E61: 0.055705301 | F61: 0.024163569 | G61: 0.025116279 | H61: 0.026168224 | I61: 0.03240324 | J61: 0.085011186 | K61: 0.22039046 | L61: 0.45669664 | M61: 0.52268371 | N61: 0.56261343 | O61: 0.62628205 | P61: 0.4393132 | Q61: 0.35386965 | R61: 0.27355278 | S61: 0.38366013 | T61: 0.49040921 | U61: 0.54935622 | V61: 0.57986739 | W61: 0.43756397 | X61: 0.1998998 | Y61: 0.12534819 | Z61: 0.16166282 | AA61: 0.16842105 | BA61: =RSQ(AC59:AZ59, D61:AA61) -> 0.011842669

Sheet day_2_saturday
A1: rip | B1: meseri_y | C1: activity_class | D1: prob_ora_0 | E1: prob_ora_1 | F1: prob_ora_2 | G1: prob_ora_3 | H1: prob_ora_4 | I1: prob_ora_5 | J1: prob_ora_6 | K1: prob_ora_7 | L1: prob_ora_8 | M1: prob_ora_9 | N1: prob_ora_10 | O1: prob_ora_11 | P1: prob_ora_12 | Q1: prob_ora_13 | R1: prob_ora_14 | S1: prob_ora_15 | T1: prob_ora_16 | U1: prob_ora_17 | V1: prob_ora_18 | W1: prob_ora_19 | X1: prob_ora_20 | Y1: prob_ora_21 | Z1: prob_ora_22 | AA1: prob_ora_23 | AC1: load_ora_0 | AD1: load_ora_1 | AE1: load_ora_2 | AF1: load_ora_3 | AG1: load_ora_4 | AH1: load_ora_5 | AI1: load_ora_6 | AJ1: load_ora_7 | AK1: load_ora_8 | AL1: load_ora_9 | AM1: load_ora_10 | AN1: load_ora_11 | AO1: load_ora_12 | AP1: load_ora_13 | AQ1: load_ora_14 | AR1: load_ora_15 | AS1: load_ora_16 | AT1: load_ora_17 | AU1: load_ora_18 | AV1: load_ora_19 | AW1: load_ora_20 | AX1: load_ora_21 | AY1: load_ora_22 | AZ1: load_ora_23
A2: 1 | B2: 1 | C2: 1 | D2: 0.15965761 | E2: 0.074324324 | F2: 0.049207673 | G2: 0.044604928 | H2: 0.032875572 | I2: 0.065816536 | J2: 0.27599442 | K2: 0.51392962 | L2: 0.57567825 | M2: 0.59036939 | N2: 0.4974359 | O2: 0.45616297 | P2: 0.67106687 | Q2: 0.74952681 | R2: 0.60131546 | S2: 0.4783115 | T2: 0.46214231 | U2: 0.4575863 | V2: 0.58227533 | W2: 0.71812791 | X2: 0.76961603 | Y2: 0.71266279 | Z2: 0.5430564 | AA2: 0.35856826 | AC2: 0.38203333 | AD2: 0.30984583 | AE2: 0.26044167 | AF2: 0.23365972 | AG2: 0.22154583 | AH2: 0.219225 | AI2: 0.23372778 | AJ2: 0.27031528 | AK2: 0.33548889 | AL2: 0.40004722 | AM2: 0.43858056 | AN2: 0.43850694 | AO2: 0.44948333 | AP2: 0.48950139 | AQ2: 0.48159167 | AR2: 0.47684306 | AS2: 0.45345972 | AT2: 0.45815417 | AU2: 0.51526806 | AV2: 0.59287222 | AW2: 0.65204167 | AX2: 0.58919722 | AY2: 0.52587639 | AZ2: 0.45131667 | BA2: =RSQ(AC2:AZ2, D2:AA2) -> 0.67284805
A3: 1 | B3: 1 | C3: 2 | D3: 0.68291775 | E3: 0.80405405 | F3: 0.86572143 | G3: 0.90696686 | H3: 0.91302538 | I3: 0.86260798 | J3: 0.62979763 | K3: 0.28494624 | L3: 0.16016183 | M3: 0.072119613 | N3: 0.024972129 | O3: 0.014440433 | P3: 0.0084397317 | Q3: 0.015562566 | R3: 0.03541614 | S3: 0.034643377 | T3: 0.01899215 | U3: 0.0056194809 | V3: 0.0067214339 | W3: 0.0025412961 | X3: 0.0023849273 | Y3: 0.072873372 | Z3: 0.21679806 | AA3: 0.43490656 | BA3: =RSQ(AC2:AZ2, D3:AA3) -> 0.64867659
A4: 1 | B4: 1 | C4: 3 | D4: 0.15742464 | E4: 0.12162162 | F4: 0.085070892 | G4: 0.048428207 | H4: 0.054099043 | I4: 0.071575483 | J4: 0.094207955 | K4: 0.20112414 | L4: 0.26415992 | M4: 0.33751099 | N4: 0.47759197 | O4: 0.5293966 | P4: 0.3204934 | Q4: 0.23491062 | R4: 0.3632684 | S4: 0.48704512 | T4: 0.51886554 | U4: 0.53679422 | V4: 0.41100324 | W4: 0.27933079 | X4: 0.22799905 | Y4: 0.21446384 | Z4: 0.24014554 | AA4: 0.20652518 | BA4: =RSQ(AC2:AZ2, D4:AA4) -> 0.2991899
A5: 2 | B5: 1 | C5: 1 | D5: 0.13288208 | E5: 0.050950263 | F5: 0.035819638 | G5: 0.025979557 | H5: 0.028813559 | I5: 0.0632806 | J5: 0.35205255 | K5: 0.56275653 | L5: 0.5856295 | M5: 0.57442068 | N5: 0.46038091 | O5: 0.46381751 | P5: 0.6252636 | Q5: 0.68833299 | R5: 0.57351865 | S5: 0.43767237 | T5: 0.40840057 | U5: 0.46872505 | V5: 0.57156839 | W5: 0.65046154 | X5: 0.65935309 | Y5: 0.62654668 | Z5: 0.48466258 | AA5: 0.30243902 | AC5: 0.40661429 | AD5: 0.33301746 | AE5: 0.28448095 | AF5: 0.2580619 | AG5: 0.24684444 | AH5: 0.2452619 | AI5: 0.26132698 | AJ5: 0.30420952 | AK5: 0.37404762 | AL5: 0.4270381 | AM5: 0.45344444 | AN5: 0.44710476 | AO5: 0.44936825 | AP5: 0.47908095 | AQ5: 0.4821254 | AR5: 0.48810952 | AS5: 0.48334921 | AT5: 0.50754127 | AU5: 0.57006349 | AV5: 0.62787302 | AW5: 0.66470317 | AX5: 0.60585079 | AY5: 0.5439619 | AZ5: 0.47428095 | BA5: =RSQ(AC5:AZ5, D5:AA5) -> 0.53902447
A6: 2 | B6: 1 | C6: 2 | D6: 0.68436053 | E6: 0.8338051 | F6: 0.88916983 | G6: 0.91013629 | H6: 0.91779661 | I6: 0.8713572 | J6: 0.55139573 | K6: 0.22186217 | L6: 0.10852056 | M6: 0.05258467 | N6: 0.018810252 | O6: 0.015993707 | P6: 0.0099114298 | Q6: 0.017428747 | R6: 0.029748842 | S6: 0.033094319 | T6: 0.010204082 | U6: 0.0082512643 | V6: 0.005872278 | W6: 0.0049230769 | X6: 0.021262158 | Y6: 0.084926884 | Z6: 0.25007304 | AA6: 0.4695122 | BA6: =RSQ(AC5:AZ5, D6:AA6) -> 0.58996968
A7: 2 | B7: 1 | C7: 3 | D7: 0.18275739 | E7: 0.11524464 | F7: 0.075010535 | G7: 0.063884157 | H7: 0.053389831 | I7: 0.065362198 | J7: 0.096551724 | K7: 0.21538129 | L7: 0.30584994 | M7: 0.37299465 | N7: 0.52080884 | O7: 0.52018878 | P7: 0.36482497 | Q7: 0.29423826 | R7: 0.3967325 | S7: 0.52923331 | T7: 0.58139535 | U7: 0.52302369 | V7: 0.42255933 | W7: 0.34461538 | X7: 0.31938475 | Y7: 0.28852643 | Z7: 0.26526439 | AA7: 0.22804878 | BA7: =RSQ(AC5:AZ5, D7:AA7) -> 0.42205472
A8: 3 | B8: 1 | C8: 1 | D8: 0.14577007 | E8: 0.053097345 | F8: 0.045203415 | G8: 0.036485098 | H8: 0.019597731 | I8: 0.051995798 | J8: 0.28626943 | K8: 0.57308126 | L8: 0.57615176 | M8: 0.51233118 | N8: 0.38813459 | O8: 0.40847848 | P8: 0.52482902 | Q8: 0.68345324 | R8: 0.62190147 | S8: 0.45364352 | T8: 0.37023653 | U8: 0.33279846 | V8: 0.44515306 | W8: 0.58328826 | X8: 0.67507797 | Y8: 0.66348904 | Z8: 0.51119134 | AA8: 0.32968278 | AC8: 0.42044091 | AD8: 0.33271515 | AE8: 0.27432273 | AF8: 0.24242727 | AG8: 0.22749242 | AH8: 0.22266818 | AI8: 0.2340303 | AJ8: 0.27105909 | AK8: 0.33876515 | AL8: 0.39405303 | AM8: 0.43114242 | AN8: 0.43245152 | AO8: 0.43114848 | AP8: 0.46976212 | AQ8: 0.48620152 | AR8: 0.49772424 | AS8: 0.49210303 | AT8: 0.49585909 | AU8: 0.5467803 | AV8: 0.60576818 | AW8: 0.6844697 | AX8: 0.63364545 | AY8: 0.56138788 | AZ8: 0.49383333 | BA8: =RSQ(AC8:AZ8, D8:AA8) -> 0.47447177
A9: 3 | B9: 1 | C9: 2 | D9: 0.66507592 | E9: 0.81809243 | F9: 0.85233551 | G9: 0.89362795 | H9: 0.91903043 | I9: 0.90231092 | J9: 0.63989637 | K9: 0.23222348 | L9: 0.11382114 | M9: 0.051967117 | N9: 0.01918536 | O9: 0.0128163 | P9: 0.0050550104 | Q9: 0.0095923261 | R9: 0.042673361 | S9: 0.045159083 | T9: 0.024310118 | U9: 0.011232349 | V9: 0.0054209184 | W9: 0.0043266631 | X9: 0.0099234477 | Y9: 0.061963775 | Z9: 0.19602888 | AA9: 0.45354985 | BA9: =RSQ(AC8:AZ8, D9:AA9) -> 0.54824764
A10: 3 | B10: 1 | C10: 3 | D10: 0.18915401 | E10: 0.12881023 | F10: 0.10246107 | G10: 0.069886948 | H10: 0.061371841 | I10: 0.045693277 | J10: 0.073834197 | K10: 0.19469526 | L10: 0.3100271 | M10: 0.4357017 | N10: 0.59268005 | O10: 0.57870523 | P10: 0.47011597 | Q10: 0.30695444 | R10: 0.33542516 | S10: 0.5011974 | T10: 0.60545335 | U10: 0.65596919 | V10: 0.54942602 | W10: 0.41238507 | X10: 0.31499858 | Y10: 0.27454719 | Z10: 0.29277978 | AA10: 0.21676737 | BA10: =RSQ(AC8:AZ8, D10:AA10) -> 0.34397364
A11: 4 | B11: 1 | C11: 1 | D11: 0.16277129 | E11: 0.066000606 | F11: 0.039811912 | G11: 0.033417402 | H11: 0.026931709 | I11: 0.078241895 | J11: 0.33002611 | K11: 0.64503875 | L11: 0.53813915 | M11: 0.54589567 | N11: 0.44185134 | O11: 0.4039173 | P11: 0.53949447 | Q11: 0.67640759 | R11: 0.74787645 | S11: 0.64953478 | T11: 0.58090873 | U11: 0.49042448 | V11: 0.44819028 | W11: 0.56955663 | X11: 0.70280543 | Y11: 0.6913336 | Z11: 0.51945567 | AA11: 0.32611732 | AC11: 0.42317222 | AD11: 0.32829444 | AE11: 0.267825 | AF11: 0.23500278 | AG11: 0.21979444 | AH11: 0.21562917 | AI11: 0.22720139 | AJ11: 0.26899028 | AK11: 0.34980833 | AL11: 0.40662778 | AM11: 0.43571389 | AN11: 0.43171806 | AO11: 0.42430972 | AP11: 0.45400556 | AQ11: 0.48747361 | AR11: 0.49535278 | AS11: 0.50620417 | AT11: 0.51529028 | AU11: 0.54833889 | AV11: 0.57844722 | AW11: 0.63264167 | AX11: 0.63205278 | AY11: 0.56382917 | AZ11: 0.49630139 | BA11: =RSQ(AC11:AZ11, D11:AA11) -> 0.48533392
A12: 4 | B12: 1 | C12: 2 | D12: 0.71814135 | E12: 0.84317287 | F12: 0.8968652 | G12: 0.92843632 | H12: 0.94709843 | I12: 0.87749377 | J12: 0.59765013 | K12: 0.1672998 | L12: 0.092372171 | M12: 0.049534978 | N12: 0.022945676 | O12: 0.015016322 | P12: 0.0069115324 | Q12: 0.0090269278 | R12: 0.051351351 | S12: 0.071333629 | T12: 0.028098844 | U12: 0.0069101678 | V12: 0.0020682523 | W12: 0.0026925148 | X12: 0.0099547511 | Y12: 0.073605065 | Z12: 0.26536253 | AA12: 0.4806797 | BA12: =RSQ(AC11:AZ11, D12:AA12) -> 0.52828294
A13: 4 | B13: 1 | C13: 3 | D13: 0.11908737 | E13: 0.090826521 | F13: 0.063322884 | G13: 0.03814628 | H13: 0.025969862 | I13: 0.044264339 | J13: 0.07232376 | K13: 0.18766145 | L13: 0.36948868 | M13: 0.40456935 | N13: 0.53520298 | O13: 0.58106638 | P13: 0.453594 | Q13: 0.31456548 | R13: 0.2007722 | S13: 0.27913159 | T13: 0.39099243 | U13: 0.50266535 | V13: 0.54974147 | W13: 0.42775085 | X13: 0.28723982 | Y13: 0.23506134 | Z13: 0.2151818 | AA13: 0.19320298 | BA13: =RSQ(AC11:AZ11, D13:AA13) -> 0.32967031
A14: 5 | B14: 1 | C14: 1 | D14: 0.17044623 | E14: 0.068333333 | F14: 0.025339367 | G14: 0.023636364 | H14: 0.034172662 | I14: 0.07646559 | J14: 0.29691032 | K14: 0.68336026 | L14: 0.57130164 | M14: 0.59358842 | N14: 0.4470339 | O14: 0.41766382 | P14: 0.54022403 | Q14: 0.70583368 | R14: 0.73036518 | S14: 0.65497808 | T14: 0.56038136 | U14: 0.38988764 | V14: 0.4335425 | W14: 0.55630414 | X14: 0.66650831 | Y14: 0.65219638 | Z14: 0.55283019 | AA14: 0.39153439 | AC14: 0.45219286 | AD14: 0.34481429 | AE14: 0.27599762 | AF14: 0.23847857 | AG14: 0.22224524 | AH14: 0.21830238 | AI14: 0.23334048 | AJ14: 0.28313095 | AK14: 0.38762857 | AL14: 0.47200476 | AM14: 0.5022619 | AN14: 0.48901905 | AO14: 0.47190238 | AP14: 0.4969619 | AQ14: 0.5299119 | AR14: 0.53778095 | AS14: 0.53736905 | AT14: 0.55065952 | AU14: 0.6037 | AV14: 0.64744286 | AW14: 0.69918095 | AX14: 0.70020952 | AY14: 0.62026905 | AZ14: 0.53833095 | BA14: =RSQ(AC14:AZ14, D14:AA14) -> 0.46645649
A15: 5 | B15: 1 | C15: 2 | D15: 0.66788588 | E15: 0.85166667 | F15: 0.94208145 | G15: 0.95636364 | H15: 0.94514388 | I15: 0.85471538 | J15: 0.63451394 | K15: 0.16033926 | L15: 0.086183918 | M15: 0.0336091 | N15: 0.015889831 | O15: 0.0074074074 | P15: 0.0066191446 | Q15: 0.019445594 | R15: 0.057528764 | S15: 0.0676268 | T15: 0.023834746 | U15: 0.012359551 | V15: 0.0039931546 | W15: 0.0057747834 | X15: 0.009976247 | Y15: 0.057881137 | Z15: 0.18679245 | AA15: 0.40329218 | BA15: =RSQ(AC14:AZ14, D15:AA15) -> 0.59887527
A16: 5 | B16: 1 | C16: 3 | D16: 0.16166789 | E16: 0.08 | F16: 0.032579186 | G16: 0.02 | H16: 0.020683453 | I16: 0.068819031 | J16: 0.068575735 | K16: 0.15630048 | L16: 0.34251444 | M16: 0.37280248 | N16: 0.53707627 | O16: 0.57492877 | P16: 0.45315682 | Q16: 0.27472073 | R16: 0.21210605 | S16: 0.27739512 | T16: 0.4157839 | U16: 0.59775281 | V16: 0.56246435 | W16: 0.43792108 | X16: 0.32351544 | Y16: 0.28992248 | Z16: 0.26037736 | AA16: 0.20517343 | BA16: =RSQ(AC14:AZ14, D16:AA16) -> 0.45443412
A17: 1 | B17: 2 | C17: 1 | D17: 0.15162455 | E17: 0.064713065 | F17: 0.026193494 | G17: 0.012152778 | H17: 0.035289116 | I17: 0.074873096 | J17: 0.2645045 | K17: 0.55397797 | L17: 0.6339184 | M17: 0.58379888 | N17: 0.45424134 | O17: 0.47074904 | P17: 0.61574187 | Q17: 0.67138063 | R17: 0.51451398 | S17: 0.39519002 | T17: 0.4066474 | U17: 0.40230833 | V17: 0.53773101 | W17: 0.7140884 | X17: 0.75075453 | Y17: 0.68344924 | Z17: 0.52879415 | AA17: 0.31194472 | AC17: 0.35062361 | AD17: 0.30312222 | AE17: 0.25506806 | AF17: 0.20965278 | AG17: 0.21549722 | AH17: 0.21088056 | AI17: 0.21977639 | AJ17: 0.24154583 | AK17: 0.27970694 | AL17: 0.34639306 | AM17: 0.41357222 | AN17: 0.44078889 | AO17: 0.46732361 | AP17: 0.47958472 | AQ17: 0.42259028 | AR17: 0.40332222 | AS17: 0.37320417 | AT17: 0.35941528 | AU17: 0.38929306 | AV17: 0.48442083 | AW17: 0.58477083 | AX17: 0.57395833 | AY17: 0.52904861 | AZ17: 0.44051944 | BA17: =RSQ(AC17:AZ17, D17:AA17) -> 0.53827912
A18: 1 | B18: 2 | C18: 2 | D18: 0.6732852 | E18: 0.82336182 | F18: 0.8800169 | G18: 0.91579861 | H18: 0.90221088 | I18: 0.85067682 | J18: 0.63207207 | K18: 0.27368421 | L18: 0.11875997 | M18: 0.05377095 | N18: 0.021505376 | O18: 0.011481684 | P18: 0.0075776094 | Q18: 0.030680729 | R18: 0.050332889 | S18: 0.031175772 | T18: 0.012716763 | U18: 0.0079692223 | V18: 0.0077002053 | W18: 0.004373849 | X18: 0.014336016 | Y18: 0.066759388 | Z18: 0.2465797 | AA18: 0.47943402 | BA18: =RSQ(AC17:AZ17, D18:AA18) -> 0.49353363
A19: 1 | B19: 2 | C19: 3 | D19: 0.17509025 | E19: 0.11192511 | F19: 0.093789607 | G19: 0.072048611 | H19: 0.0625 | I19: 0.074450085 | J19: 0.10342342 | K19: 0.17233782 | L19: 0.24732163 | M19: 0.36243017 | N19: 0.52425329 | O19: 0.51776927 | P19: 0.37668052 | Q19: 0.29793864 | R19: 0.43515313 | S19: 0.5736342 | T19: 0.58063584 | U19: 0.58972245 | V19: 0.45456879 | W19: 0.28153775 | X19: 0.23490946 | Y19: 0.24979138 | Z19: 0.22462615 | AA19: 0.20862126 | BA19: =RSQ(AC17:AZ17, D19:AA19) -> 0.18810554
A20: 2 | B20: 2 | C20: 1 | D20: 0.13091922 | E20: 0.055750658 | F20: 0.047012302 | G20: 0.021867882 | H20: 0.027815164 | I20: 0.08561495 | J20: 0.35563258 | K20: 0.57910906 | L20: 0.58968455 | M20: 0.47904192 | N20: 0.41348433 | O20: 0.41579732 | P20: 0.6115585 | Q20: 0.65313569 | R20: 0.52253711 | S20: 0.43539242 | T20: 0.40231092 | U20: 0.43473358 | V20: 0.54750656 | W20: 0.68274583 | X20: 0.68874515 | Y20: 0.62569505 | Z20: 0.51919616 | AA20: 0.30324401 | AC20: 0.3873381 | AD20: 0.31530952 | AE20: 0.27011429 | AF20: 0.24706825 | AG20: 0.2371254 | AH20: 0.23642381 | AI20: 0.25158571 | AJ20: 0.29160794 | AK20: 0.34724286 | AL20: 0.3923254 | AM20: 0.40897143 | AN20: 0.39816349 | AO20: 0.39745556 | AP20: 0.42545397 | AQ20: 0.42516032 | AR20: 0.42790635 | AS20: 0.40872857 | AT20: 0.40444444 | AU20: 0.45069524 | AV20: 0.54095873 | AW20: 0.61844921 | AX20: 0.57834921 | AY20: 0.52317937 | AZ20: 0.45430159 | BA20: =RSQ(AC20:AZ20, D20:AA20) -> 0.5215094
A21: 2 | B21: 2 | C21: 2 | D21: 0.73060088 | E21: 0.85425812 | F21: 0.87961336 | G21: 0.92164009 | H21: 0.92104083 | I21: 0.84571925 | J21: 0.52859619 | K21: 0.18169849 | L21: 0.086345844 | M21: 0.044780005 | N21: 0.013168291 | O21: 0.010134128 | P21: 0.0052108006 | Q21: 0.018015964 | R21: 0.033468286 | S21: 0.024171889 | T21: 0.0070903361 | U21: 0.006484353 | V21: 0.0018372703 | W21: 0.0027829314 | X21: 0.013195343 | Y21: 0.098917179 | Z21: 0.26874625 | AA21: 0.53385049 | BA21: =RSQ(AC20:AZ20, D21:AA21) -> 0.44486013
A22: 2 | B22: 2 | C22: 3 | D22: 0.1384799 | E22: 0.08999122 | F22: 0.073374341 | G22: 0.056492027 | H22: 0.051144011 | I22: 0.068665797 | J22: 0.11577123 | K22: 0.23919245 | L22: 0.32396961 | M22: 0.47617808 | N22: 0.57334738 | O22: 0.57406855 | P22: 0.3832307 | Q22: 0.32884835 | R22: 0.4439946 | S22: 0.54043569 | T22: 0.59059874 | U22: 0.55878207 | V22: 0.45065617 | W22: 0.31447124 | X22: 0.29805951 | Y22: 0.27538777 | Z22: 0.21205759 | AA22: 0.1629055 | BA22: =RSQ(AC20:AZ20, D22:AA22) -> 0.19310271
A23: 3 | B23: 2 | C23: 1 | D23: 0.15394737 | E23: 0.073967339 | F23: 0.049950544 | G23: 0.020554985 | H23: 0.013975155 | I23: 0.048553719 | J23: 0.29578059 | K23: 0.55612101 | L23: 0.5471597 | M23: 0.51761103 | N23: 0.41748166 | O23: 0.41594753 | P23: 0.58665854 | Q23: 0.72394441 | R23: 0.66091052 | S23: 0.54102472 | T23: 0.41468126 | U23: 0.35434638 | V23: 0.46668855 | W23: 0.65513361 | X23: 0.72081682 | Y23: 0.68447246 | Z23: 0.50150489 | AA23: 0.32492355 | AC23: 0.40999394 | AD23: 0.32484091 | AE23: 0.26786061 | AF23: 0.23860758 | AG23: 0.22540152 | AH23: 0.22136364 | AI23: 0.23363333 | AJ23: 0.26989394 | AK23: 0.33421212 | AL23: 0.38608333 | AM23: 0.41732879 | AN23: 0.41406515 | AO23: 0.41068788 | AP23: 0.44497727 | AQ23: 0.45264697 | AR23: 0.46211818 | AS23: 0.44705909 | AT23: 0.42756667 | AU23: 0.45136515 | AV23: 0.53210758 | AW23: 0.64949697 | AX23: 0.62781364 | AY23: 0.55738333 | AZ23: 0.48679848 | BA23: =RSQ(AC23:AZ23, D23:AA23) -> 0.52214052
A24: 3 | B24: 2 | C24: 2 | D24: 0.66052632 | E24: 0.80787704 | F24: 0.86745796 | G24: 0.92959918 | H24: 0.94565217 | I24: 0.91942149 | J24: 0.63122363 | K24: 0.2541702 | L24: 0.12379421 | M24: 0.075038285 | N24: 0.035146699 | O24: 0.023472558 | P24: 0.01096558 | Q24: 0.016034206 | R24: 0.043014129 | S24: 0.051236116 | T24: 0.021249195 | U24: 0.0096217651 | V24: 0.0082047916 | W24: 0.0025316456 | X24: 0.0057909174 | Y24: 0.04976775 | Z24: 0.22460497 | AA24: 0.4411315 | BA24: =RSQ(AC23:AZ23, D24:AA24) -> 0.51175609
A25: 3 | B25: 2 | C25: 3 | D25: 0.18552632 | E25: 0.11815562 | F25: 0.082591494 | G25: 0.049845838 | H25: 0.040372671 | I25: 0.032024793 | J25: 0.072995781 | K25: 0.18970879 | L25: 0.32904609 | M25: 0.40735069 | N25: 0.54737164 | O25: 0.56057991 | P25: 0.40237588 | Q25: 0.26002138 | R25: 0.29607535 | S25: 0.40773916 | T25: 0.56406954 | U25: 0.63603185 | V25: 0.52510666 | W25: 0.34233474 | X25: 0.27339226 | Y25: 0.26575979 | Z25: 0.27389014 | AA25: 0.23394495 | BA25: =RSQ(AC23:AZ23, D25:AA25) -> 0.24496874
A26: 4 | B26: 2 | C26: 1 | D26: 0.13702461 | E26: 0.054381603 | F26: 0.040378549 | G26: 0.020874103 | H26: 0.025764895 | I26: 0.047058824 | J26: 0.36005089 | K26: 0.65933726 | L26: 0.52488323 | M26: 0.50501737 | N26: 0.39331917 | O26: 0.37870564 | P26: 0.53764683 | Q26: 0.67628607 | R26: 0.74583904 | S26: 0.59844894 | T26: 0.4978355 | U26: 0.41410049 | V26: 0.40892667 | W26: 0.55989187 | X26: 0.69932247 | Y26: 0.68613139 | Z26: 0.53382802 | AA26: 0.3381733 | AC26: 0.42347083 | AD26: 0.3283125 | AE26: 0.26719722 | AF26: 0.23603611 | AG26: 0.22246528 | AH26: 0.2191875 | AI26: 0.23235139 | AJ26: 0.2778875 | AK26: 0.35924444 | AL26: 0.40706389 | AM26: 0.42938056 | AN26: 0.42138611 | AO26: 0.41193333 | AP26: 0.44124028 | AQ26: 0.47069028 | AR26: 0.474875 | AS26: 0.47684444 | AT26: 0.46436389 | AU26: 0.48105417 | AV26: 0.5303 | AW26: 0.61105972 | AX26: 0.64179306 | AY26: 0.5761875 | AZ26: 0.50170694 | BA26: =RSQ(AC26:AZ26, D26:AA26) -> 0.46340234
A27: 4 | B27: 2 | C27: 2 | D27: 0.73266219 | E27: 0.87290242 | F27: 0.91009464 | G27: 0.95042401 | H27: 0.94750403 | I27: 0.90397456 | J27: 0.56615776 | K27: 0.16491174 | L27: 0.081333548 | M27: 0.042068699 | N27: 0.014674648 | O27: 0.0087682672 | P27: 0.0038513383 | Q27: 0.0056461731 | R27: 0.036616409 | S27: 0.051486428 | T27: 0.024399843 | U27: 0.011345219 | V27: 0.005738576 | W27: 0.0021963169 | X27: 0.0060428493 | Y27: 0.053784095 | Z27: 0.23046704 | AA27: 0.48407494 | BA27: =RSQ(AC26:AZ26, D27:AA27) -> 0.48967747
A28: 4 | B28: 2 | C28: 3 | D28: 0.1303132 | E28: 0.072715973 | F28: 0.049526814 | G28: 0.028701892 | H28: 0.026731079 | I28: 0.048966614 | J28: 0.073791349 | K28: 0.17575101 | L28: 0.39378322 | M28: 0.45291393 | N28: 0.59200618 | O28: 0.6125261 | P28: 0.45850183 | Q28: 0.31806775 | R28: 0.21754455 | S28: 0.35006463 | T28: 0.47776466 | U28: 0.57455429 | V28: 0.58533475 | W28: 0.43791181 | X28: 0.29463468 | Y28: 0.26008452 | Z28: 0.23570493 | AA28: 0.17775176 | BA28: =RSQ(AC26:AZ26, D28:AA28) -> 0.26983584
A29: 5 | B29: 2 | C29: 1 | D29: 0.10159011 | E29: 0.075229358 | F29: 0.030947776 | G29: 0.029268293 | H29: 0.021547502 | I29: 0.089165868 | J29: 0.24440762 | K29: 0.6576087 | L29: 0.57191614 | M29: 0.58367347 | N29: 0.42289442 | O29: 0.4 | P29: 0.50598802 | Q29: 0.69698444 | R29: 0.79222882 | S29: 0.61675127 | T29: 0.49134734 | U29: 0.45919689 | V29: 0.47154472 | W29: 0.59457965 | X29: 0.71790808 | Y29: 0.72137171 | Z29: 0.49393291 | AA29: 0.27175573 | AC29: 0.46922143 | AD29: 0.35175714 | AE29: 0.27753095 | AF29: 0.24135238 | AG29: 0.22593095 | AH29: 0.22239524 | AI29: 0.23989762 | AJ29: 0.2984881 | AK29: 0.41314524 | AL29: 0.48825476 | AM29: 0.51262857 | AN29: 0.4934 | AO29: 0.47106429 | AP29: 0.49451905 | AQ29: 0.52585238 | AR29: 0.52705952 | AS29: 0.51823333 | AT29: 0.50992381 | AU29: 0.53884286 | AV29: 0.60016667 | AW29: 0.68747143 | AX29: 0.72872619 | AY29: 0.6553119 | AZ29: 0.56612857 | BA29: =RSQ(AC29:AZ29, D29:AA29) -> 0.48374965
A30: 5 | B30: 2 | C30: 2 | D30: 0.7270318 | E30: 0.83211009 | F30: 0.90715667 | G30: 0.93073171 | H30: 0.95200784 | I30: 0.87919463 | J30: 0.65948633 | K30: 0.18922925 | L30: 0.098000975 | M30: 0.058892128 | N30: 0.028469751 | O30: 0.012232416 | P30: 0.0083832335 | Q30: 0.0068093385 | R30: 0.031300594 | S30: 0.051395939 | T30: 0.024721879 | U30: 0.010362694 | V30: 0.0068792996 | W30: 0.0011061947 | X30: 0.0084521923 | Y30: 0.055113288 | Z30: 0.2662384 | AA30: 0.53206107 | BA30: =RSQ(AC29:AZ29, D30:AA30) -> 0.5376149
A31: 5 | B31: 2 | C31: 3 | D31: 0.17137809 | E31: 0.09266055 | F31: 0.061895551 | G31: 0.04 | H31: 0.026444662 | I31: 0.031639501 | J31: 0.096106048 | K31: 0.15316206 | L31: 0.33008289 | M31: 0.3574344 | N31: 0.54863582 | O31: 0.58776758 | P31: 0.48562874 | Q31: 0.29620623 | R31: 0.17647059 | S31: 0.33185279 | T31: 0.48393078 | U31: 0.53044041 | V31: 0.52157598 | W31: 0.40431416 | X31: 0.27363973 | Y31: 0.223515 | Z31: 0.23982869 | AA31: 0.19618321 | BA31: =RSQ(AC29:AZ29, D31:AA31) -> 0.3120363
A32: 1 | B32: 3 | C32: 1 | D32: 0.1103664 | E32: 0.046511628 | F32: 0.026699029 | G32: 0.028292683 | H32: 0.031807229 | I32: 0.084683017 | J32: 0.26187576 | K32: 0.49786264 | L32: 0.5928934 | M32: 0.51168985 | N32: 0.41886581 | O32: 0.43632371 | P32: 0.61196631 | Q32: 0.64798554 | R32: 0.55206665 | S32: 0.4049101 | T32: 0.3627451 | U32: 0.35837438 | V32: 0.49029982 | W32: 0.6609589 | X32: 0.68506212 | Y32: 0.63402889 | Z32: 0.49546632 | AA32: 0.29437707 | AC32: ='load by month'!AZ25 -> 0.39108333 | AD32: ='load by month'!BA25 -> 0.33446944 | AE32: ='load by month'!BB25 -> 0.28838194 | AF32: ='load by month'!BC25 -> 0.2617375 | AG32: ='load by month'!BD25 -> 0.24666667 | AH32: ='load by month'!BE25 -> 0.23729028 | AI32: ='load by month'!BF25 -> 0.23536944 | AJ32: ='load by month'!BG25 -> 0.23830417 | ... AZ32: ='load by month'!BW25 -> 0.44479028 | BA32: =RSQ(AC32:AZ32, D32:AA32) -> 0.27751979
A33: 1 | B33: 3 | C33: 2 | D33: 0.73681859 | E33: 0.83388704 | F33: 0.8815534 | G33: 0.90146341 | H33: 0.92819277 | I33: 0.83850069 | J33: 0.61794559 | K33: 0.27301225 | L33: 0.1142132 | M33: 0.060964782 | N33: 0.019090399 | O33: 0.008782936 | P33: 0.0063897764 | Q33: 0.037964876 | R33: 0.056392182 | S33: 0.047026279 | T33: 0.011289364 | U33: 0.009544335 | V33: 0.0052910053 | W33: 0.0092202318 | X33: 0.014157758 | Y33: 0.051685393 | Z33: 0.22895078 | AA33: 0.49356854 | BA33: =RSQ(AC32:AZ32, D33:AA33) -> 0.28607705
A34: 1 | B34: 3 | C34: 3 | D34: 0.15281501 | E34: 0.11960133 | F34: 0.091747573 | G34: 0.070243902 | H34: 0.04 | I34: 0.076816289 | J34: 0.12017864 | K34: 0.22912511 | L34: 0.2928934 | M34: 0.42734537 | N34: 0.5620438 | O34: 0.55489335 | P34: 0.38164392 | Q34: 0.31404959 | R34: 0.39154117 | S34: 0.54806362 | T34: 0.62596554 | U34: 0.63208128 | V34: 0.50440917 | W34: 0.32982086 | X34: 0.30078012 | Y34: 0.31428571 | Z34: 0.2755829 | AA34: 0.21205439 | BA34: =RSQ(AC32:AZ32, D34:AA34) -> 0.16496232
